Added Component: Designator=BT1(BAT_3002TR)
Add component (AddParameter): Name = "Check_prices"; Value = "https://www.snapeda.com/parts/3002TR/Keystone/view-part/?ref=eda"; VariantName = "[No Variations]"
Add component (AddParameter): Name = "MF"; Value = "Keystone Electronics"; VariantName = "[No Variations]"
Add component (AddParameter): Name = "MP"; Value = "3002TR"; VariantName = "[No Variations]"
Add component (AddParameter): Name = "Package"; Value = "None"; VariantName = "[No Variations]"
Add component (AddParameter): Name = "SnapEDA_Link"; Value = "https://www.snapeda.com/parts/3002TR/Keystone/view-part/?ref=snap"; VariantName = "[No Variations]"
Add component (AddParameter): Name = "Value"; Value = ""; VariantName = "[No Variations]"
Added Component: Designator=C1(C-SE-7,5x10x9x5x4)
Add component (AddParameter): Name = "LatestRevisionDate"; Value = "17-Jul-2002"; VariantName = "[No Variations]"
Add component (AddParameter): Name = "LatestRevisionNote"; Value = "Re-released for DXP Platform."; VariantName = "[No Variations]"
Add component (AddParameter): Name = "PackageReference"; Value = "C1206"; VariantName = "[No Variations]"
Add component (AddParameter): Name = "Publisher"; Value = "Altium Limited"; VariantName = "[No Variations]"
Add component (AddParameter): Name = "Value"; Value = "104"; VariantName = "[No Variations]"
Added Component: Designator=C2(C-SE-7,5x10x9x5x4)
Add component (AddParameter): Name = "LatestRevisionDate"; Value = "17-Jul-2002"; VariantName = "[No Variations]"
Add component (AddParameter): Name = "LatestRevisionNote"; Value = "Re-released for DXP Platform."; VariantName = "[No Variations]"
Add component (AddParameter): Name = "PackageReference"; Value = "C1206"; VariantName = "[No Variations]"
Add component (AddParameter): Name = "Publisher"; Value = "Altium Limited"; VariantName = "[No Variations]"
Add component (AddParameter): Name = "Value"; Value = "104"; VariantName = "[No Variations]"
Added Component: Designator=C3(C-SE-7,5x10x9x5x4)
Add component (AddParameter): Name = "LatestRevisionDate"; Value = "17-Jul-2002"; VariantName = "[No Variations]"
Add component (AddParameter): Name = "LatestRevisionNote"; Value = "Re-released for DXP Platform."; VariantName = "[No Variations]"
Add component (AddParameter): Name = "PackageReference"; Value = "C1206"; VariantName = "[No Variations]"
Add component (AddParameter): Name = "Publisher"; Value = "Altium Limited"; VariantName = "[No Variations]"
Add component (AddParameter): Name = "Value"; Value = "104"; VariantName = "[No Variations]"
Added Component: Designator=C4(C-SE-7,5x10x9x5x4)
Add component (AddParameter): Name = "LatestRevisionDate"; Value = "17-Jul-2002"; VariantName = "[No Variations]"
Add component (AddParameter): Name = "LatestRevisionNote"; Value = "Re-released for DXP Platform."; VariantName = "[No Variations]"
Add component (AddParameter): Name = "PackageReference"; Value = "C1206"; VariantName = "[No Variations]"
Add component (AddParameter): Name = "Publisher"; Value = "Altium Limited"; VariantName = "[No Variations]"
Add component (AddParameter): Name = "Value"; Value = "104"; VariantName = "[No Variations]"
Added Component: Designator=C5(C-SE-7,5x10x9x5x4)
Add component (AddParameter): Name = "LatestRevisionDate"; Value = "17-Jul-2002"; VariantName = "[No Variations]"
Add component (AddParameter): Name = "LatestRevisionNote"; Value = "Re-released for DXP Platform."; VariantName = "[No Variations]"
Add component (AddParameter): Name = "PackageReference"; Value = "C1206"; VariantName = "[No Variations]"
Add component (AddParameter): Name = "Publisher"; Value = "Altium Limited"; VariantName = "[No Variations]"
Add component (AddParameter): Name = "Value"; Value = "104"; VariantName = "[No Variations]"
Added Component: Designator=C6(C-SE-7,5x10x9x5x4)
Add component (AddParameter): Name = "LatestRevisionDate"; Value = "17-Jul-2002"; VariantName = "[No Variations]"
Add component (AddParameter): Name = "LatestRevisionNote"; Value = "Re-released for DXP Platform."; VariantName = "[No Variations]"
Add component (AddParameter): Name = "PackageReference"; Value = "C1206"; VariantName = "[No Variations]"
Add component (AddParameter): Name = "Publisher"; Value = "Altium Limited"; VariantName = "[No Variations]"
Add component (AddParameter): Name = "Value"; Value = "104"; VariantName = "[No Variations]"
Added Component: Designator=C7(C-SE-7,5x10x9x5x4)
Add component (AddParameter): Name = "LatestRevisionDate"; Value = "17-Jul-2002"; VariantName = "[No Variations]"
Add component (AddParameter): Name = "LatestRevisionNote"; Value = "Re-released for DXP Platform."; VariantName = "[No Variations]"
Add component (AddParameter): Name = "PackageReference"; Value = "C1206"; VariantName = "[No Variations]"
Add component (AddParameter): Name = "Publisher"; Value = "Altium Limited"; VariantName = "[No Variations]"
Add component (AddParameter): Name = "Value"; Value = "104"; VariantName = "[No Variations]"
Added Component: Designator=C8(C-SE-7,5x10x9x5x4)
Add component (AddParameter): Name = "LatestRevisionDate"; Value = "17-Jul-2002"; VariantName = "[No Variations]"
Add component (AddParameter): Name = "LatestRevisionNote"; Value = "Re-released for DXP Platform."; VariantName = "[No Variations]"
Add component (AddParameter): Name = "PackageReference"; Value = "C1206"; VariantName = "[No Variations]"
Add component (AddParameter): Name = "Publisher"; Value = "Altium Limited"; VariantName = "[No Variations]"
Add component (AddParameter): Name = "Value"; Value = "104"; VariantName = "[No Variations]"
Added Component: Designator=C9(C-SE-7,5x10x9x5x4)
Add component (AddParameter): Name = "LatestRevisionDate"; Value = "17-Jul-2002"; VariantName = "[No Variations]"
Add component (AddParameter): Name = "LatestRevisionNote"; Value = "Re-released for DXP Platform."; VariantName = "[No Variations]"
Add component (AddParameter): Name = "PackageReference"; Value = "C1206"; VariantName = "[No Variations]"
Add component (AddParameter): Name = "Publisher"; Value = "Altium Limited"; VariantName = "[No Variations]"
Add component (AddParameter): Name = "Value"; Value = "104"; VariantName = "[No Variations]"
Added Component: Designator=C10(C-SE-7,5x10x9x5x4)
Add component (AddParameter): Name = "LatestRevisionDate"; Value = "17-Jul-2002"; VariantName = "[No Variations]"
Add component (AddParameter): Name = "LatestRevisionNote"; Value = "Re-released for DXP Platform."; VariantName = "[No Variations]"
Add component (AddParameter): Name = "PackageReference"; Value = "C1206"; VariantName = "[No Variations]"
Add component (AddParameter): Name = "Publisher"; Value = "Altium Limited"; VariantName = "[No Variations]"
Add component (AddParameter): Name = "Value"; Value = "104"; VariantName = "[No Variations]"
Added Component: Designator=C11(C-SE-7,5x10x9x5x4)
Add component (AddParameter): Name = "LatestRevisionDate"; Value = "17-Jul-2002"; VariantName = "[No Variations]"
Add component (AddParameter): Name = "LatestRevisionNote"; Value = "Re-released for DXP Platform."; VariantName = "[No Variations]"
Add component (AddParameter): Name = "PackageReference"; Value = "C1206"; VariantName = "[No Variations]"
Add component (AddParameter): Name = "Publisher"; Value = "Altium Limited"; VariantName = "[No Variations]"
Add component (AddParameter): Name = "Value"; Value = "104"; VariantName = "[No Variations]"
Added Component: Designator=C12(C-SE-7,5x10x9x5x4)
Add component (AddParameter): Name = "LatestRevisionDate"; Value = "17-Jul-2002"; VariantName = "[No Variations]"
Add component (AddParameter): Name = "LatestRevisionNote"; Value = "Re-released for DXP Platform."; VariantName = "[No Variations]"
Add component (AddParameter): Name = "PackageReference"; Value = "C1206"; VariantName = "[No Variations]"
Add component (AddParameter): Name = "Publisher"; Value = "Altium Limited"; VariantName = "[No Variations]"
Add component (AddParameter): Name = "Value"; Value = "104"; VariantName = "[No Variations]"
Added Component: Designator=C13(C-SE-7,5x10x9x5x4)
Add component (AddParameter): Name = "LatestRevisionDate"; Value = "17-Jul-2002"; VariantName = "[No Variations]"
Add component (AddParameter): Name = "LatestRevisionNote"; Value = "Re-released for DXP Platform."; VariantName = "[No Variations]"
Add component (AddParameter): Name = "PackageReference"; Value = "C1206"; VariantName = "[No Variations]"
Add component (AddParameter): Name = "Publisher"; Value = "Altium Limited"; VariantName = "[No Variations]"
Add component (AddParameter): Name = "Value"; Value = "104"; VariantName = "[No Variations]"
Added Component: Designator=C14(C-SE-7,5x10x9x5x4)
Add component (AddParameter): Name = "LatestRevisionDate"; Value = "17-Jul-2002"; VariantName = "[No Variations]"
Add component (AddParameter): Name = "LatestRevisionNote"; Value = "Re-released for DXP Platform."; VariantName = "[No Variations]"
Add component (AddParameter): Name = "PackageReference"; Value = "C1206"; VariantName = "[No Variations]"
Add component (AddParameter): Name = "Publisher"; Value = "Altium Limited"; VariantName = "[No Variations]"
Add component (AddParameter): Name = "Value"; Value = "104"; VariantName = "[No Variations]"
Added Component: Designator=C15(C-SE-7,5x10x9x5x4)
Add component (AddParameter): Name = "LatestRevisionDate"; Value = "17-Jul-2002"; VariantName = "[No Variations]"
Add component (AddParameter): Name = "LatestRevisionNote"; Value = "Re-released for DXP Platform."; VariantName = "[No Variations]"
Add component (AddParameter): Name = "PackageReference"; Value = "C1206"; VariantName = "[No Variations]"
Add component (AddParameter): Name = "Publisher"; Value = "Altium Limited"; VariantName = "[No Variations]"
Add component (AddParameter): Name = "Value"; Value = "104"; VariantName = "[No Variations]"
Added Component: Designator=C16(C-SE-7,5x10x9x5x4)
Add component (AddParameter): Name = "LatestRevisionDate"; Value = "17-Jul-2002"; VariantName = "[No Variations]"
Add component (AddParameter): Name = "LatestRevisionNote"; Value = "Re-released for DXP Platform."; VariantName = "[No Variations]"
Add component (AddParameter): Name = "PackageReference"; Value = "C1206"; VariantName = "[No Variations]"
Add component (AddParameter): Name = "Publisher"; Value = "Altium Limited"; VariantName = "[No Variations]"
Add component (AddParameter): Name = "Value"; Value = "104"; VariantName = "[No Variations]"
Added Component: Designator=C17(C-SE-7,5x10x9x5x4)
Add component (AddParameter): Name = "LatestRevisionDate"; Value = "17-Jul-2002"; VariantName = "[No Variations]"
Add component (AddParameter): Name = "LatestRevisionNote"; Value = "Re-released for DXP Platform."; VariantName = "[No Variations]"
Add component (AddParameter): Name = "PackageReference"; Value = "C1206"; VariantName = "[No Variations]"
Add component (AddParameter): Name = "Publisher"; Value = "Altium Limited"; VariantName = "[No Variations]"
Add component (AddParameter): Name = "Value"; Value = "104"; VariantName = "[No Variations]"
Added Component: Designator=C18(C-SE-7,5x10x9x5x4)
Add component (AddParameter): Name = "LatestRevisionDate"; Value = "17-Jul-2002"; VariantName = "[No Variations]"
Add component (AddParameter): Name = "LatestRevisionNote"; Value = "Re-released for DXP Platform."; VariantName = "[No Variations]"
Add component (AddParameter): Name = "PackageReference"; Value = "C1206"; VariantName = "[No Variations]"
Add component (AddParameter): Name = "Publisher"; Value = "Altium Limited"; VariantName = "[No Variations]"
Add component (AddParameter): Name = "Value"; Value = "104"; VariantName = "[No Variations]"
Added Component: Designator=C19(C-SE-7,5x10x9x5x4)
Add component (AddParameter): Name = "LatestRevisionDate"; Value = "17-Jul-2002"; VariantName = "[No Variations]"
Add component (AddParameter): Name = "LatestRevisionNote"; Value = "Re-released for DXP Platform."; VariantName = "[No Variations]"
Add component (AddParameter): Name = "PackageReference"; Value = "C1206"; VariantName = "[No Variations]"
Add component (AddParameter): Name = "Publisher"; Value = "Altium Limited"; VariantName = "[No Variations]"
Add component (AddParameter): Name = "Value"; Value = "104"; VariantName = "[No Variations]"
Added Component: Designator=C20(C-SE-7,5x10x9x5x4)
Add component (AddParameter): Name = "LatestRevisionDate"; Value = "17-Jul-2002"; VariantName = "[No Variations]"
Add component (AddParameter): Name = "LatestRevisionNote"; Value = "Re-released for DXP Platform."; VariantName = "[No Variations]"
Add component (AddParameter): Name = "PackageReference"; Value = "C1206"; VariantName = "[No Variations]"
Add component (AddParameter): Name = "Publisher"; Value = "Altium Limited"; VariantName = "[No Variations]"
Add component (AddParameter): Name = "Value"; Value = "104"; VariantName = "[No Variations]"
Added Component: Designator=C21(C-SE-7,5x10x9x5x4)
Add component (AddParameter): Name = "LatestRevisionDate"; Value = "17-Jul-2002"; VariantName = "[No Variations]"
Add component (AddParameter): Name = "LatestRevisionNote"; Value = "Re-released for DXP Platform."; VariantName = "[No Variations]"
Add component (AddParameter): Name = "PackageReference"; Value = "C1206"; VariantName = "[No Variations]"
Add component (AddParameter): Name = "Publisher"; Value = "Altium Limited"; VariantName = "[No Variations]"
Add component (AddParameter): Name = "Value"; Value = "104"; VariantName = "[No Variations]"
Added Component: Designator=C22(C-SE-7,5x10x9x5x4)
Add component (AddParameter): Name = "LatestRevisionDate"; Value = "17-Jul-2002"; VariantName = "[No Variations]"
Add component (AddParameter): Name = "LatestRevisionNote"; Value = "Re-released for DXP Platform."; VariantName = "[No Variations]"
Add component (AddParameter): Name = "PackageReference"; Value = "C1206"; VariantName = "[No Variations]"
Add component (AddParameter): Name = "Publisher"; Value = "Altium Limited"; VariantName = "[No Variations]"
Add component (AddParameter): Name = "Value"; Value = "104"; VariantName = "[No Variations]"
Added Component: Designator=C23(C-SE-7,5x10x9x5x4)
Add component (AddParameter): Name = "LatestRevisionDate"; Value = "17-Jul-2002"; VariantName = "[No Variations]"
Add component (AddParameter): Name = "LatestRevisionNote"; Value = "Re-released for DXP Platform."; VariantName = "[No Variations]"
Add component (AddParameter): Name = "PackageReference"; Value = "C1206"; VariantName = "[No Variations]"
Add component (AddParameter): Name = "Publisher"; Value = "Altium Limited"; VariantName = "[No Variations]"
Add component (AddParameter): Name = "Value"; Value = "104"; VariantName = "[No Variations]"
Added Component: Designator=C24(C-SE-7,5x10x9x5x4)
Add component (AddParameter): Name = "LatestRevisionDate"; Value = "17-Jul-2002"; VariantName = "[No Variations]"
Add component (AddParameter): Name = "LatestRevisionNote"; Value = "Re-released for DXP Platform."; VariantName = "[No Variations]"
Add component (AddParameter): Name = "PackageReference"; Value = "C1206"; VariantName = "[No Variations]"
Add component (AddParameter): Name = "Publisher"; Value = "Altium Limited"; VariantName = "[No Variations]"
Add component (AddParameter): Name = "Value"; Value = "104"; VariantName = "[No Variations]"
Added Component: Designator=C25(C-SE-7,5x10x9x5x4)
Add component (AddParameter): Name = "LatestRevisionDate"; Value = "17-Jul-2002"; VariantName = "[No Variations]"
Add component (AddParameter): Name = "LatestRevisionNote"; Value = "Re-released for DXP Platform."; VariantName = "[No Variations]"
Add component (AddParameter): Name = "PackageReference"; Value = "C1206"; VariantName = "[No Variations]"
Add component (AddParameter): Name = "Publisher"; Value = "Altium Limited"; VariantName = "[No Variations]"
Add component (AddParameter): Name = "Value"; Value = "104"; VariantName = "[No Variations]"
Added Component: Designator=C26(C-SE-7,5x10x9x5x4)
Add component (AddParameter): Name = "LatestRevisionDate"; Value = "17-Jul-2002"; VariantName = "[No Variations]"
Add component (AddParameter): Name = "LatestRevisionNote"; Value = "Re-released for DXP Platform."; VariantName = "[No Variations]"
Add component (AddParameter): Name = "PackageReference"; Value = "C1206"; VariantName = "[No Variations]"
Add component (AddParameter): Name = "Publisher"; Value = "Altium Limited"; VariantName = "[No Variations]"
Add component (AddParameter): Name = "Value"; Value = "104"; VariantName = "[No Variations]"
Added Component: Designator=C27(C-SE-7,5x10x9x5x4)
Add component (AddParameter): Name = "LatestRevisionDate"; Value = "17-Jul-2002"; VariantName = "[No Variations]"
Add component (AddParameter): Name = "LatestRevisionNote"; Value = "Re-released for DXP Platform."; VariantName = "[No Variations]"
Add component (AddParameter): Name = "PackageReference"; Value = "C1206"; VariantName = "[No Variations]"
Add component (AddParameter): Name = "Publisher"; Value = "Altium Limited"; VariantName = "[No Variations]"
Add component (AddParameter): Name = "Value"; Value = "104"; VariantName = "[No Variations]"
Added Component: Designator=C28(C-SE-7,5x10x9x5x4)
Add component (AddParameter): Name = "LatestRevisionDate"; Value = "17-Jul-2002"; VariantName = "[No Variations]"
Add component (AddParameter): Name = "LatestRevisionNote"; Value = "Re-released for DXP Platform."; VariantName = "[No Variations]"
Add component (AddParameter): Name = "PackageReference"; Value = "C1206"; VariantName = "[No Variations]"
Add component (AddParameter): Name = "Publisher"; Value = "Altium Limited"; VariantName = "[No Variations]"
Add component (AddParameter): Name = "Value"; Value = "104"; VariantName = "[No Variations]"
Added Component: Designator=C29(C-SE-7,5x10x9x5x4)
Add component (AddParameter): Name = "LatestRevisionDate"; Value = "17-Jul-2002"; VariantName = "[No Variations]"
Add component (AddParameter): Name = "LatestRevisionNote"; Value = "Re-released for DXP Platform."; VariantName = "[No Variations]"
Add component (AddParameter): Name = "PackageReference"; Value = "C1206"; VariantName = "[No Variations]"
Add component (AddParameter): Name = "Publisher"; Value = "Altium Limited"; VariantName = "[No Variations]"
Add component (AddParameter): Name = "Value"; Value = "104"; VariantName = "[No Variations]"
Added Component: Designator=C30(C-SE-7,5x10x9x5x4)
Add component (AddParameter): Name = "LatestRevisionDate"; Value = "17-Jul-2002"; VariantName = "[No Variations]"
Add component (AddParameter): Name = "LatestRevisionNote"; Value = "Re-released for DXP Platform."; VariantName = "[No Variations]"
Add component (AddParameter): Name = "PackageReference"; Value = "C1206"; VariantName = "[No Variations]"
Add component (AddParameter): Name = "Publisher"; Value = "Altium Limited"; VariantName = "[No Variations]"
Add component (AddParameter): Name = "Value"; Value = "104"; VariantName = "[No Variations]"
Added Component: Designator=C31(C-SE-7,5x10x9x5x4)
Add component (AddParameter): Name = "LatestRevisionDate"; Value = "17-Jul-2002"; VariantName = "[No Variations]"
Add component (AddParameter): Name = "LatestRevisionNote"; Value = "Re-released for DXP Platform."; VariantName = "[No Variations]"
Add component (AddParameter): Name = "PackageReference"; Value = "C1206"; VariantName = "[No Variations]"
Add component (AddParameter): Name = "Publisher"; Value = "Altium Limited"; VariantName = "[No Variations]"
Add component (AddParameter): Name = "Value"; Value = "104"; VariantName = "[No Variations]"
Added Component: Designator=C32(C-SE-7,5x10x9x5x4)
Add component (AddParameter): Name = "LatestRevisionDate"; Value = "17-Jul-2002"; VariantName = "[No Variations]"
Add component (AddParameter): Name = "LatestRevisionNote"; Value = "Re-released for DXP Platform."; VariantName = "[No Variations]"
Add component (AddParameter): Name = "PackageReference"; Value = "C1206"; VariantName = "[No Variations]"
Add component (AddParameter): Name = "Publisher"; Value = "Altium Limited"; VariantName = "[No Variations]"
Add component (AddParameter): Name = "Value"; Value = "104"; VariantName = "[No Variations]"
Added Component: Designator=C33(C-SE-7,5x10x9x5x4)
Add component (AddParameter): Name = "LatestRevisionDate"; Value = "17-Jul-2002"; VariantName = "[No Variations]"
Add component (AddParameter): Name = "LatestRevisionNote"; Value = "Re-released for DXP Platform."; VariantName = "[No Variations]"
Add component (AddParameter): Name = "PackageReference"; Value = "C1206"; VariantName = "[No Variations]"
Add component (AddParameter): Name = "Publisher"; Value = "Altium Limited"; VariantName = "[No Variations]"
Add component (AddParameter): Name = "Value"; Value = "104"; VariantName = "[No Variations]"
Added Component: Designator=C34(C-SE-7,5x10x9x5x4)
Add component (AddParameter): Name = "LatestRevisionDate"; Value = "17-Jul-2002"; VariantName = "[No Variations]"
Add component (AddParameter): Name = "LatestRevisionNote"; Value = "Re-released for DXP Platform."; VariantName = "[No Variations]"
Add component (AddParameter): Name = "PackageReference"; Value = "C1206"; VariantName = "[No Variations]"
Add component (AddParameter): Name = "Publisher"; Value = "Altium Limited"; VariantName = "[No Variations]"
Add component (AddParameter): Name = "Value"; Value = "104"; VariantName = "[No Variations]"
Added Component: Designator=C35(C-SE-7,5x10x9x5x4)
Add component (AddParameter): Name = "LatestRevisionDate"; Value = "17-Jul-2002"; VariantName = "[No Variations]"
Add component (AddParameter): Name = "LatestRevisionNote"; Value = "Re-released for DXP Platform."; VariantName = "[No Variations]"
Add component (AddParameter): Name = "PackageReference"; Value = "C1206"; VariantName = "[No Variations]"
Add component (AddParameter): Name = "Publisher"; Value = "Altium Limited"; VariantName = "[No Variations]"
Add component (AddParameter): Name = "Value"; Value = "104"; VariantName = "[No Variations]"
Added Component: Designator=C36(C-SE-7,5x10x9x5x4)
Add component (AddParameter): Name = "LatestRevisionDate"; Value = "17-Jul-2002"; VariantName = "[No Variations]"
Add component (AddParameter): Name = "LatestRevisionNote"; Value = "Re-released for DXP Platform."; VariantName = "[No Variations]"
Add component (AddParameter): Name = "PackageReference"; Value = "C1206"; VariantName = "[No Variations]"
Add component (AddParameter): Name = "Publisher"; Value = "Altium Limited"; VariantName = "[No Variations]"
Add component (AddParameter): Name = "Value"; Value = "104"; VariantName = "[No Variations]"
Added Component: Designator=D1(SOT95P230X110-3N)
Add component (AddParameter): Name = "Mouser Eletronics"; Value = "755-MMBZ6V8ALFHT116"; VariantName = "[No Variations]"
Add component (AddParameter): Name = "Value"; Value = "PESD5V0L2BT,215"; VariantName = "[No Variations]"
Added Component: Designator=D2(SOT95P240X111-3N)
Add component (AddParameter): Name = "Availability"; Value = "Unavailable"; VariantName = "[No Variations]"
Add component (AddParameter): Name = "MF"; Value = ""; VariantName = "[No Variations]"
Add component (AddParameter): Name = "MP"; Value = "BZX84C3V6LT1G"; VariantName = "[No Variations]"
Add component (AddParameter): Name = "Package"; Value = "None"; VariantName = "[No Variations]"
Add component (AddParameter): Name = "Price"; Value = "None"; VariantName = "[No Variations]"
Add component (AddParameter): Name = "Value"; Value = ""; VariantName = "[No Variations]"
Added Component: Designator=D3(SOT95P240X111-3N)
Add component (AddParameter): Name = "Availability"; Value = "Unavailable"; VariantName = "[No Variations]"
Add component (AddParameter): Name = "MF"; Value = ""; VariantName = "[No Variations]"
Add component (AddParameter): Name = "MP"; Value = "BZX84C3V6LT1G"; VariantName = "[No Variations]"
Add component (AddParameter): Name = "Package"; Value = "None"; VariantName = "[No Variations]"
Add component (AddParameter): Name = "Price"; Value = "None"; VariantName = "[No Variations]"
Add component (AddParameter): Name = "Value"; Value = ""; VariantName = "[No Variations]"
Added Component: Designator=D4(SOT95P240X111-3N)
Add component (AddParameter): Name = "Availability"; Value = "Unavailable"; VariantName = "[No Variations]"
Add component (AddParameter): Name = "MF"; Value = ""; VariantName = "[No Variations]"
Add component (AddParameter): Name = "MP"; Value = "BZX84C3V6LT1G"; VariantName = "[No Variations]"
Add component (AddParameter): Name = "Package"; Value = "None"; VariantName = "[No Variations]"
Add component (AddParameter): Name = "Price"; Value = "None"; VariantName = "[No Variations]"
Add component (AddParameter): Name = "Value"; Value = ""; VariantName = "[No Variations]"
Added Component: Designator=D5(SOT95P240X111-3N)
Add component (AddParameter): Name = "Availability"; Value = "Unavailable"; VariantName = "[No Variations]"
Add component (AddParameter): Name = "MF"; Value = ""; VariantName = "[No Variations]"
Add component (AddParameter): Name = "MP"; Value = "BZX84C3V6LT1G"; VariantName = "[No Variations]"
Add component (AddParameter): Name = "Package"; Value = "None"; VariantName = "[No Variations]"
Add component (AddParameter): Name = "Price"; Value = "None"; VariantName = "[No Variations]"
Add component (AddParameter): Name = "Value"; Value = ""; VariantName = "[No Variations]"
Added Component: Designator=D6(SOT95P240X111-3N)
Add component (AddParameter): Name = "Availability"; Value = "Unavailable"; VariantName = "[No Variations]"
Add component (AddParameter): Name = "MF"; Value = ""; VariantName = "[No Variations]"
Add component (AddParameter): Name = "MP"; Value = "BZX84C3V6LT1G"; VariantName = "[No Variations]"
Add component (AddParameter): Name = "Package"; Value = "None"; VariantName = "[No Variations]"
Add component (AddParameter): Name = "Price"; Value = "None"; VariantName = "[No Variations]"
Add component (AddParameter): Name = "Value"; Value = ""; VariantName = "[No Variations]"
Added Component: Designator=D7(SOT95P240X111-3N)
Add component (AddParameter): Name = "Availability"; Value = "Unavailable"; VariantName = "[No Variations]"
Add component (AddParameter): Name = "MF"; Value = ""; VariantName = "[No Variations]"
Add component (AddParameter): Name = "MP"; Value = "BZX84C3V6LT1G"; VariantName = "[No Variations]"
Add component (AddParameter): Name = "Package"; Value = "None"; VariantName = "[No Variations]"
Add component (AddParameter): Name = "Price"; Value = "None"; VariantName = "[No Variations]"
Add component (AddParameter): Name = "Value"; Value = ""; VariantName = "[No Variations]"
Added Component: Designator=D8(SOT95P240X111-3N)
Add component (AddParameter): Name = "Availability"; Value = "Unavailable"; VariantName = "[No Variations]"
Add component (AddParameter): Name = "MF"; Value = ""; VariantName = "[No Variations]"
Add component (AddParameter): Name = "MP"; Value = "BZX84C3V6LT1G"; VariantName = "[No Variations]"
Add component (AddParameter): Name = "Package"; Value = "None"; VariantName = "[No Variations]"
Add component (AddParameter): Name = "Price"; Value = "None"; VariantName = "[No Variations]"
Add component (AddParameter): Name = "Value"; Value = ""; VariantName = "[No Variations]"
Added Component: Designator=D9(SOT95P240X111-3N)
Add component (AddParameter): Name = "Availability"; Value = "Unavailable"; VariantName = "[No Variations]"
Add component (AddParameter): Name = "MF"; Value = ""; VariantName = "[No Variations]"
Add component (AddParameter): Name = "MP"; Value = "BZX84C3V6LT1G"; VariantName = "[No Variations]"
Add component (AddParameter): Name = "Package"; Value = "None"; VariantName = "[No Variations]"
Add component (AddParameter): Name = "Price"; Value = "None"; VariantName = "[No Variations]"
Add component (AddParameter): Name = "Value"; Value = ""; VariantName = "[No Variations]"
Added Component: Designator=D10(SOT95P240X111-3N)
Add component (AddParameter): Name = "Availability"; Value = "Unavailable"; VariantName = "[No Variations]"
Add component (AddParameter): Name = "MF"; Value = ""; VariantName = "[No Variations]"
Add component (AddParameter): Name = "MP"; Value = "BZX84C3V6LT1G"; VariantName = "[No Variations]"
Add component (AddParameter): Name = "Package"; Value = "None"; VariantName = "[No Variations]"
Add component (AddParameter): Name = "Price"; Value = "None"; VariantName = "[No Variations]"
Add component (AddParameter): Name = "Value"; Value = ""; VariantName = "[No Variations]"
Added Component: Designator=D11(SOT95P240X111-3N)
Add component (AddParameter): Name = "Availability"; Value = "Unavailable"; VariantName = "[No Variations]"
Add component (AddParameter): Name = "MF"; Value = ""; VariantName = "[No Variations]"
Add component (AddParameter): Name = "MP"; Value = "BZX84C3V6LT1G"; VariantName = "[No Variations]"
Add component (AddParameter): Name = "Package"; Value = "None"; VariantName = "[No Variations]"
Add component (AddParameter): Name = "Price"; Value = "None"; VariantName = "[No Variations]"
Add component (AddParameter): Name = "Value"; Value = ""; VariantName = "[No Variations]"
Added Component: Designator=D12(SOT95P240X111-3N)
Add component (AddParameter): Name = "Availability"; Value = "Unavailable"; VariantName = "[No Variations]"
Add component (AddParameter): Name = "MF"; Value = ""; VariantName = "[No Variations]"
Add component (AddParameter): Name = "MP"; Value = "BZX84C3V6LT1G"; VariantName = "[No Variations]"
Add component (AddParameter): Name = "Package"; Value = "None"; VariantName = "[No Variations]"
Add component (AddParameter): Name = "Price"; Value = "None"; VariantName = "[No Variations]"
Add component (AddParameter): Name = "Value"; Value = ""; VariantName = "[No Variations]"
Added Component: Designator=D13(SOT95P240X111-3N)
Add component (AddParameter): Name = "Availability"; Value = "Unavailable"; VariantName = "[No Variations]"
Add component (AddParameter): Name = "MF"; Value = ""; VariantName = "[No Variations]"
Add component (AddParameter): Name = "MP"; Value = "BZX84C3V6LT1G"; VariantName = "[No Variations]"
Add component (AddParameter): Name = "Package"; Value = "None"; VariantName = "[No Variations]"
Add component (AddParameter): Name = "Price"; Value = "None"; VariantName = "[No Variations]"
Add component (AddParameter): Name = "Value"; Value = ""; VariantName = "[No Variations]"
Added Component: Designator=D14(SOT95P240X111-3N)
Add component (AddParameter): Name = "Availability"; Value = "Unavailable"; VariantName = "[No Variations]"
Add component (AddParameter): Name = "MF"; Value = ""; VariantName = "[No Variations]"
Add component (AddParameter): Name = "MP"; Value = "BZX84C3V6LT1G"; VariantName = "[No Variations]"
Add component (AddParameter): Name = "Package"; Value = "None"; VariantName = "[No Variations]"
Add component (AddParameter): Name = "Price"; Value = "None"; VariantName = "[No Variations]"
Add component (AddParameter): Name = "Value"; Value = ""; VariantName = "[No Variations]"
Added Component: Designator=D15(SOT95P240X111-3N)
Add component (AddParameter): Name = "Availability"; Value = "Unavailable"; VariantName = "[No Variations]"
Add component (AddParameter): Name = "MF"; Value = ""; VariantName = "[No Variations]"
Add component (AddParameter): Name = "MP"; Value = "BZX84C3V6LT1G"; VariantName = "[No Variations]"
Add component (AddParameter): Name = "Package"; Value = "None"; VariantName = "[No Variations]"
Add component (AddParameter): Name = "Price"; Value = "None"; VariantName = "[No Variations]"
Add component (AddParameter): Name = "Value"; Value = ""; VariantName = "[No Variations]"
Added Component: Designator=D16(SOT95P240X111-3N)
Add component (AddParameter): Name = "Availability"; Value = "Unavailable"; VariantName = "[No Variations]"
Add component (AddParameter): Name = "MF"; Value = ""; VariantName = "[No Variations]"
Add component (AddParameter): Name = "MP"; Value = "BZX84C3V6LT1G"; VariantName = "[No Variations]"
Add component (AddParameter): Name = "Package"; Value = "None"; VariantName = "[No Variations]"
Add component (AddParameter): Name = "Price"; Value = "None"; VariantName = "[No Variations]"
Add component (AddParameter): Name = "Value"; Value = ""; VariantName = "[No Variations]"
Added Component: Designator=D17(SOT95P240X111-3N)
Add component (AddParameter): Name = "Availability"; Value = "Unavailable"; VariantName = "[No Variations]"
Add component (AddParameter): Name = "MF"; Value = ""; VariantName = "[No Variations]"
Add component (AddParameter): Name = "MP"; Value = "BZX84C3V6LT1G"; VariantName = "[No Variations]"
Add component (AddParameter): Name = "Package"; Value = "None"; VariantName = "[No Variations]"
Add component (AddParameter): Name = "Price"; Value = "None"; VariantName = "[No Variations]"
Add component (AddParameter): Name = "Value"; Value = ""; VariantName = "[No Variations]"
Added Component: Designator=D18(SOT95P240X111-3N)
Add component (AddParameter): Name = "Availability"; Value = "Unavailable"; VariantName = "[No Variations]"
Add component (AddParameter): Name = "MF"; Value = ""; VariantName = "[No Variations]"
Add component (AddParameter): Name = "MP"; Value = "BZX84C3V6LT1G"; VariantName = "[No Variations]"
Add component (AddParameter): Name = "Package"; Value = "None"; VariantName = "[No Variations]"
Add component (AddParameter): Name = "Price"; Value = "None"; VariantName = "[No Variations]"
Add component (AddParameter): Name = "Value"; Value = ""; VariantName = "[No Variations]"
Added Component: Designator=D19(SOT95P240X111-3N)
Add component (AddParameter): Name = "Availability"; Value = "Unavailable"; VariantName = "[No Variations]"
Add component (AddParameter): Name = "MF"; Value = ""; VariantName = "[No Variations]"
Add component (AddParameter): Name = "MP"; Value = "BZX84C3V6LT1G"; VariantName = "[No Variations]"
Add component (AddParameter): Name = "Package"; Value = "None"; VariantName = "[No Variations]"
Add component (AddParameter): Name = "Price"; Value = "None"; VariantName = "[No Variations]"
Add component (AddParameter): Name = "Value"; Value = ""; VariantName = "[No Variations]"
Added Component: Designator=D20(SOT95P240X111-3N)
Add component (AddParameter): Name = "Availability"; Value = "Unavailable"; VariantName = "[No Variations]"
Add component (AddParameter): Name = "MF"; Value = ""; VariantName = "[No Variations]"
Add component (AddParameter): Name = "MP"; Value = "BZX84C3V6LT1G"; VariantName = "[No Variations]"
Add component (AddParameter): Name = "Package"; Value = "None"; VariantName = "[No Variations]"
Add component (AddParameter): Name = "Price"; Value = "None"; VariantName = "[No Variations]"
Add component (AddParameter): Name = "Value"; Value = ""; VariantName = "[No Variations]"
Added Component: Designator=D21(SOT95P240X111-3N)
Add component (AddParameter): Name = "Availability"; Value = "Unavailable"; VariantName = "[No Variations]"
Add component (AddParameter): Name = "MF"; Value = ""; VariantName = "[No Variations]"
Add component (AddParameter): Name = "MP"; Value = "BZX84C3V6LT1G"; VariantName = "[No Variations]"
Add component (AddParameter): Name = "Package"; Value = "None"; VariantName = "[No Variations]"
Add component (AddParameter): Name = "Price"; Value = "None"; VariantName = "[No Variations]"
Add component (AddParameter): Name = "Value"; Value = ""; VariantName = "[No Variations]"
Added Component: Designator=D22(SOT95P240X111-3N)
Add component (AddParameter): Name = "Availability"; Value = "Unavailable"; VariantName = "[No Variations]"
Add component (AddParameter): Name = "MF"; Value = ""; VariantName = "[No Variations]"
Add component (AddParameter): Name = "MP"; Value = "BZX84C3V6LT1G"; VariantName = "[No Variations]"
Add component (AddParameter): Name = "Package"; Value = "None"; VariantName = "[No Variations]"
Add component (AddParameter): Name = "Price"; Value = "None"; VariantName = "[No Variations]"
Add component (AddParameter): Name = "Value"; Value = ""; VariantName = "[No Variations]"
Added Component: Designator=D23(SOT95P240X111-3N)
Add component (AddParameter): Name = "Availability"; Value = "Unavailable"; VariantName = "[No Variations]"
Add component (AddParameter): Name = "MF"; Value = ""; VariantName = "[No Variations]"
Add component (AddParameter): Name = "MP"; Value = "BZX84C3V6LT1G"; VariantName = "[No Variations]"
Add component (AddParameter): Name = "Package"; Value = "None"; VariantName = "[No Variations]"
Add component (AddParameter): Name = "Price"; Value = "None"; VariantName = "[No Variations]"
Add component (AddParameter): Name = "Value"; Value = ""; VariantName = "[No Variations]"
Added Component: Designator=D24(DIOM5225X244N)
Add component (AddParameter): Name = "Value"; Value = "SK56A-LTP"; VariantName = "[No Variations]"
Added Component: Designator=D25(WL-SMCW_0603_150060xx75000)
Add component (AddParameter): Name = "Case Code (Imperial)"; Value = "0603"; VariantName = "[No Variations]"
Add component (AddParameter): Name = "Case Code (Metric)"; Value = "1608"; VariantName = "[No Variations]"
Add component (AddParameter): Name = "Case/Package"; Value = "0603"; VariantName = "[No Variations]"
Add component (AddParameter): Name = "Color"; Value = "Green"; VariantName = "[No Variations]"
Add component (AddParameter): Name = "Dominant Wavelength"; Value = "525nm"; VariantName = "[No Variations]"
Add component (AddParameter): Name = "Forward Current"; Value = "100mA"; VariantName = "[No Variations]"
Add component (AddParameter): Name = "Forward Voltage"; Value = "3.2V"; VariantName = "[No Variations]"
Add component (AddParameter): Name = "Height"; Value = "700µm"; VariantName = "[No Variations]"
Add component (AddParameter): Name = "Lead Free"; Value = "Lead Free"; VariantName = "[No Variations]"
Add component (AddParameter): Name = "Length"; Value = "1.6mm"; VariantName = "[No Variations]"
Add component (AddParameter): Name = "Lens Style"; Value = "Clear, Rectangular"; VariantName = "[No Variations]"
Add component (AddParameter): Name = "Luminous Intensity"; Value = "430mcd"; VariantName = "[No Variations]"
Add component (AddParameter): Name = "Max Junction Temperature (Tj)"; Value = "95°C"; VariantName = "[No Variations]"
Add component (AddParameter): Name = "Max Operating Temperature"; Value = "85°C"; VariantName = "[No Variations]"
Add component (AddParameter): Name = "Max Reverse Voltage (DC)"; Value = "5V"; VariantName = "[No Variations]"
Add component (AddParameter): Name = "Min Operating Temperature"; Value = "-40°C"; VariantName = "[No Variations]"
Add component (AddParameter): Name = "Mount"; Value = "Surface Mount"; VariantName = "[No Variations]"
Add component (AddParameter): Name = "Output Current"; Value = "10µA"; VariantName = "[No Variations]"
Add component (AddParameter): Name = "Packaging"; Value = "Tape and Reel"; VariantName = "[No Variations]"
Add component (AddParameter): Name = "Peak Wavelength"; Value = "515nm"; VariantName = "[No Variations]"
Add component (AddParameter): Name = "Power Dissipation"; Value = "105mW"; VariantName = "[No Variations]"
Add component (AddParameter): Name = "REACH SVHC"; Value = "Unknown"; VariantName = "[No Variations]"
Add component (AddParameter): Name = "Reverse Voltage"; Value = "5V"; VariantName = "[No Variations]"
Add component (AddParameter): Name = "RoHS"; Value = "Compliant"; VariantName = "[No Variations]"
Add component (AddParameter): Name = "Test Current"; Value = "20mA"; VariantName = "[No Variations]"
Add component (AddParameter): Name = "Viewing Angle"; Value = "140°"; VariantName = "[No Variations]"
Add component (AddParameter): Name = "Wavelength"; Value = "525nm"; VariantName = "[No Variations]"
Add component (AddParameter): Name = "Width"; Value = "800µm"; VariantName = "[No Variations]"
Added Component: Designator=D26(WL-SMCW_0603_150060xx75000)
Add component (AddParameter): Name = "Case Code (Imperial)"; Value = "0603"; VariantName = "[No Variations]"
Add component (AddParameter): Name = "Case Code (Metric)"; Value = "1608"; VariantName = "[No Variations]"
Add component (AddParameter): Name = "Case/Package"; Value = "0603"; VariantName = "[No Variations]"
Add component (AddParameter): Name = "Color"; Value = "Green"; VariantName = "[No Variations]"
Add component (AddParameter): Name = "Dominant Wavelength"; Value = "525nm"; VariantName = "[No Variations]"
Add component (AddParameter): Name = "Forward Current"; Value = "100mA"; VariantName = "[No Variations]"
Add component (AddParameter): Name = "Forward Voltage"; Value = "3.2V"; VariantName = "[No Variations]"
Add component (AddParameter): Name = "Height"; Value = "700µm"; VariantName = "[No Variations]"
Add component (AddParameter): Name = "Lead Free"; Value = "Lead Free"; VariantName = "[No Variations]"
Add component (AddParameter): Name = "Length"; Value = "1.6mm"; VariantName = "[No Variations]"
Add component (AddParameter): Name = "Lens Style"; Value = "Clear, Rectangular"; VariantName = "[No Variations]"
Add component (AddParameter): Name = "Luminous Intensity"; Value = "430mcd"; VariantName = "[No Variations]"
Add component (AddParameter): Name = "Max Junction Temperature (Tj)"; Value = "95°C"; VariantName = "[No Variations]"
Add component (AddParameter): Name = "Max Operating Temperature"; Value = "85°C"; VariantName = "[No Variations]"
Add component (AddParameter): Name = "Max Reverse Voltage (DC)"; Value = "5V"; VariantName = "[No Variations]"
Add component (AddParameter): Name = "Min Operating Temperature"; Value = "-40°C"; VariantName = "[No Variations]"
Add component (AddParameter): Name = "Mount"; Value = "Surface Mount"; VariantName = "[No Variations]"
Add component (AddParameter): Name = "Output Current"; Value = "10µA"; VariantName = "[No Variations]"
Add component (AddParameter): Name = "Packaging"; Value = "Tape and Reel"; VariantName = "[No Variations]"
Add component (AddParameter): Name = "Peak Wavelength"; Value = "515nm"; VariantName = "[No Variations]"
Add component (AddParameter): Name = "Power Dissipation"; Value = "105mW"; VariantName = "[No Variations]"
Add component (AddParameter): Name = "REACH SVHC"; Value = "Unknown"; VariantName = "[No Variations]"
Add component (AddParameter): Name = "Reverse Voltage"; Value = "5V"; VariantName = "[No Variations]"
Add component (AddParameter): Name = "RoHS"; Value = "Compliant"; VariantName = "[No Variations]"
Add component (AddParameter): Name = "Test Current"; Value = "20mA"; VariantName = "[No Variations]"
Add component (AddParameter): Name = "Viewing Angle"; Value = "140°"; VariantName = "[No Variations]"
Add component (AddParameter): Name = "Wavelength"; Value = "525nm"; VariantName = "[No Variations]"
Add component (AddParameter): Name = "Width"; Value = "800µm"; VariantName = "[No Variations]"
Added Component: Designator=D27(WL-SMCW_0603_150060xx75000)
Add component (AddParameter): Name = "Case Code (Imperial)"; Value = "0603"; VariantName = "[No Variations]"
Add component (AddParameter): Name = "Case Code (Metric)"; Value = "1608"; VariantName = "[No Variations]"
Add component (AddParameter): Name = "Case/Package"; Value = "0603"; VariantName = "[No Variations]"
Add component (AddParameter): Name = "Color"; Value = "Green"; VariantName = "[No Variations]"
Add component (AddParameter): Name = "Dominant Wavelength"; Value = "525nm"; VariantName = "[No Variations]"
Add component (AddParameter): Name = "Forward Current"; Value = "100mA"; VariantName = "[No Variations]"
Add component (AddParameter): Name = "Forward Voltage"; Value = "3.2V"; VariantName = "[No Variations]"
Add component (AddParameter): Name = "Height"; Value = "700µm"; VariantName = "[No Variations]"
Add component (AddParameter): Name = "Lead Free"; Value = "Lead Free"; VariantName = "[No Variations]"
Add component (AddParameter): Name = "Length"; Value = "1.6mm"; VariantName = "[No Variations]"
Add component (AddParameter): Name = "Lens Style"; Value = "Clear, Rectangular"; VariantName = "[No Variations]"
Add component (AddParameter): Name = "Luminous Intensity"; Value = "430mcd"; VariantName = "[No Variations]"
Add component (AddParameter): Name = "Max Junction Temperature (Tj)"; Value = "95°C"; VariantName = "[No Variations]"
Add component (AddParameter): Name = "Max Operating Temperature"; Value = "85°C"; VariantName = "[No Variations]"
Add component (AddParameter): Name = "Max Reverse Voltage (DC)"; Value = "5V"; VariantName = "[No Variations]"
Add component (AddParameter): Name = "Min Operating Temperature"; Value = "-40°C"; VariantName = "[No Variations]"
Add component (AddParameter): Name = "Mount"; Value = "Surface Mount"; VariantName = "[No Variations]"
Add component (AddParameter): Name = "Output Current"; Value = "10µA"; VariantName = "[No Variations]"
Add component (AddParameter): Name = "Packaging"; Value = "Tape and Reel"; VariantName = "[No Variations]"
Add component (AddParameter): Name = "Peak Wavelength"; Value = "515nm"; VariantName = "[No Variations]"
Add component (AddParameter): Name = "Power Dissipation"; Value = "105mW"; VariantName = "[No Variations]"
Add component (AddParameter): Name = "REACH SVHC"; Value = "Unknown"; VariantName = "[No Variations]"
Add component (AddParameter): Name = "Reverse Voltage"; Value = "5V"; VariantName = "[No Variations]"
Add component (AddParameter): Name = "RoHS"; Value = "Compliant"; VariantName = "[No Variations]"
Add component (AddParameter): Name = "Test Current"; Value = "20mA"; VariantName = "[No Variations]"
Add component (AddParameter): Name = "Viewing Angle"; Value = "140°"; VariantName = "[No Variations]"
Add component (AddParameter): Name = "Wavelength"; Value = "525nm"; VariantName = "[No Variations]"
Add component (AddParameter): Name = "Width"; Value = "800µm"; VariantName = "[No Variations]"
Added Component: Designator=F1(FUSC3225X90N)
Add component (AddParameter): Name = "Check_prices"; Value = "https://www.snapeda.com/parts/0ZCH0150FF2E/Bel+Circuit+Protection/view-part/?ref=eda"; VariantName = "[No Variations]"
Add component (AddParameter): Name = "MF"; Value = "Bel Fuse"; VariantName = "[No Variations]"
Add component (AddParameter): Name = "MP"; Value = "0ZCH0150FF2E"; VariantName = "[No Variations]"
Add component (AddParameter): Name = "Package"; Value = "Package"; VariantName = "[No Variations]"
Add component (AddParameter): Name = "SnapEDA_Link"; Value = "https://www.snapeda.com/parts/0ZCH0150FF2E/Bel+Circuit+Protection/view-part/?ref=snap"; VariantName = "[No Variations]"
Add component (AddParameter): Name = "Value"; Value = ""; VariantName = "[No Variations]"
Added Component: Designator=F2(FUSC3225X90N)
Add component (AddParameter): Name = "Check_prices"; Value = "https://www.snapeda.com/parts/0ZCH0150FF2E/Bel+Circuit+Protection/view-part/?ref=eda"; VariantName = "[No Variations]"
Add component (AddParameter): Name = "MF"; Value = "Bel Fuse"; VariantName = "[No Variations]"
Add component (AddParameter): Name = "MP"; Value = "0ZCH0150FF2E"; VariantName = "[No Variations]"
Add component (AddParameter): Name = "Package"; Value = "Package"; VariantName = "[No Variations]"
Add component (AddParameter): Name = "SnapEDA_Link"; Value = "https://www.snapeda.com/parts/0ZCH0150FF2E/Bel+Circuit+Protection/view-part/?ref=snap"; VariantName = "[No Variations]"
Add component (AddParameter): Name = "Value"; Value = ""; VariantName = "[No Variations]"
Added Component: Designator=F3(FUSC3225X90N)
Add component (AddParameter): Name = "Check_prices"; Value = "https://www.snapeda.com/parts/0ZCH0150FF2E/Bel+Circuit+Protection/view-part/?ref=eda"; VariantName = "[No Variations]"
Add component (AddParameter): Name = "MF"; Value = "Bel Fuse"; VariantName = "[No Variations]"
Add component (AddParameter): Name = "MP"; Value = "0ZCH0150FF2E"; VariantName = "[No Variations]"
Add component (AddParameter): Name = "Package"; Value = "Package"; VariantName = "[No Variations]"
Add component (AddParameter): Name = "SnapEDA_Link"; Value = "https://www.snapeda.com/parts/0ZCH0150FF2E/Bel+Circuit+Protection/view-part/?ref=snap"; VariantName = "[No Variations]"
Add component (AddParameter): Name = "Value"; Value = ""; VariantName = "[No Variations]"
Added Component: Designator=F4(FUSC3225X90N)
Add component (AddParameter): Name = "Check_prices"; Value = "https://www.snapeda.com/parts/0ZCH0150FF2E/Bel+Circuit+Protection/view-part/?ref=eda"; VariantName = "[No Variations]"
Add component (AddParameter): Name = "MF"; Value = "Bel Fuse"; VariantName = "[No Variations]"
Add component (AddParameter): Name = "MP"; Value = "0ZCH0150FF2E"; VariantName = "[No Variations]"
Add component (AddParameter): Name = "Package"; Value = "Package"; VariantName = "[No Variations]"
Add component (AddParameter): Name = "SnapEDA_Link"; Value = "https://www.snapeda.com/parts/0ZCH0150FF2E/Bel+Circuit+Protection/view-part/?ref=snap"; VariantName = "[No Variations]"
Add component (AddParameter): Name = "Value"; Value = ""; VariantName = "[No Variations]"
Added Component: Designator=F5(FUSC3225X90N)
Add component (AddParameter): Name = "Check_prices"; Value = "https://www.snapeda.com/parts/0ZCH0150FF2E/Bel+Circuit+Protection/view-part/?ref=eda"; VariantName = "[No Variations]"
Add component (AddParameter): Name = "MF"; Value = "Bel Fuse"; VariantName = "[No Variations]"
Add component (AddParameter): Name = "MP"; Value = "0ZCH0150FF2E"; VariantName = "[No Variations]"
Add component (AddParameter): Name = "Package"; Value = "Package"; VariantName = "[No Variations]"
Add component (AddParameter): Name = "SnapEDA_Link"; Value = "https://www.snapeda.com/parts/0ZCH0150FF2E/Bel+Circuit+Protection/view-part/?ref=snap"; VariantName = "[No Variations]"
Add component (AddParameter): Name = "Value"; Value = ""; VariantName = "[No Variations]"
Added Component: Designator=F6(FUSC3225X90N)
Add component (AddParameter): Name = "Check_prices"; Value = "https://www.snapeda.com/parts/0ZCH0150FF2E/Bel+Circuit+Protection/view-part/?ref=eda"; VariantName = "[No Variations]"
Add component (AddParameter): Name = "MF"; Value = "Bel Fuse"; VariantName = "[No Variations]"
Add component (AddParameter): Name = "MP"; Value = "0ZCH0150FF2E"; VariantName = "[No Variations]"
Add component (AddParameter): Name = "Package"; Value = "Package"; VariantName = "[No Variations]"
Add component (AddParameter): Name = "SnapEDA_Link"; Value = "https://www.snapeda.com/parts/0ZCH0150FF2E/Bel+Circuit+Protection/view-part/?ref=snap"; VariantName = "[No Variations]"
Add component (AddParameter): Name = "Value"; Value = ""; VariantName = "[No Variations]"
Added Component: Designator=F7(FUSC3225X90N)
Add component (AddParameter): Name = "Check_prices"; Value = "https://www.snapeda.com/parts/0ZCH0150FF2E/Bel+Circuit+Protection/view-part/?ref=eda"; VariantName = "[No Variations]"
Add component (AddParameter): Name = "MF"; Value = "Bel Fuse"; VariantName = "[No Variations]"
Add component (AddParameter): Name = "MP"; Value = "0ZCH0150FF2E"; VariantName = "[No Variations]"
Add component (AddParameter): Name = "Package"; Value = "Package"; VariantName = "[No Variations]"
Add component (AddParameter): Name = "SnapEDA_Link"; Value = "https://www.snapeda.com/parts/0ZCH0150FF2E/Bel+Circuit+Protection/view-part/?ref=snap"; VariantName = "[No Variations]"
Add component (AddParameter): Name = "Value"; Value = ""; VariantName = "[No Variations]"
Added Component: Designator=F8(FUSC3225X90N)
Add component (AddParameter): Name = "Check_prices"; Value = "https://www.snapeda.com/parts/0ZCH0150FF2E/Bel+Circuit+Protection/view-part/?ref=eda"; VariantName = "[No Variations]"
Add component (AddParameter): Name = "MF"; Value = "Bel Fuse"; VariantName = "[No Variations]"
Add component (AddParameter): Name = "MP"; Value = "0ZCH0150FF2E"; VariantName = "[No Variations]"
Add component (AddParameter): Name = "Package"; Value = "Package"; VariantName = "[No Variations]"
Add component (AddParameter): Name = "SnapEDA_Link"; Value = "https://www.snapeda.com/parts/0ZCH0150FF2E/Bel+Circuit+Protection/view-part/?ref=snap"; VariantName = "[No Variations]"
Add component (AddParameter): Name = "Value"; Value = ""; VariantName = "[No Variations]"
Added Component: Designator=JP1(Header8)
Add component (AddParameter): Name = "Value"; Value = "Connector 8"; VariantName = "[No Variations]"
Added Component: Designator=Max 1(FUSC3225X90N)
Add component (AddParameter): Name = "Check_prices"; Value = "https://www.snapeda.com/parts/0ZCH0150FF2E/Bel+Circuit+Protection/view-part/?ref=eda"; VariantName = "[No Variations]"
Add component (AddParameter): Name = "MF"; Value = "Bel Fuse"; VariantName = "[No Variations]"
Add component (AddParameter): Name = "MP"; Value = "0ZCH0150FF2E"; VariantName = "[No Variations]"
Add component (AddParameter): Name = "Package"; Value = "Package"; VariantName = "[No Variations]"
Add component (AddParameter): Name = "SnapEDA_Link"; Value = "https://www.snapeda.com/parts/0ZCH0150FF2E/Bel+Circuit+Protection/view-part/?ref=snap"; VariantName = "[No Variations]"
Add component (AddParameter): Name = "Value"; Value = ""; VariantName = "[No Variations]"
Added Component: Designator=Max 2(FUSC3225X90N)
Add component (AddParameter): Name = "Check_prices"; Value = "https://www.snapeda.com/parts/0ZCH0150FF2E/Bel+Circuit+Protection/view-part/?ref=eda"; VariantName = "[No Variations]"
Add component (AddParameter): Name = "MF"; Value = "Bel Fuse"; VariantName = "[No Variations]"
Add component (AddParameter): Name = "MP"; Value = "0ZCH0150FF2E"; VariantName = "[No Variations]"
Add component (AddParameter): Name = "Package"; Value = "Package"; VariantName = "[No Variations]"
Add component (AddParameter): Name = "SnapEDA_Link"; Value = "https://www.snapeda.com/parts/0ZCH0150FF2E/Bel+Circuit+Protection/view-part/?ref=snap"; VariantName = "[No Variations]"
Add component (AddParameter): Name = "Value"; Value = ""; VariantName = "[No Variations]"
Added Component: Designator=Max 3(FUSC3225X90N)
Add component (AddParameter): Name = "Check_prices"; Value = "https://www.snapeda.com/parts/0ZCH0150FF2E/Bel+Circuit+Protection/view-part/?ref=eda"; VariantName = "[No Variations]"
Add component (AddParameter): Name = "MF"; Value = "Bel Fuse"; VariantName = "[No Variations]"
Add component (AddParameter): Name = "MP"; Value = "0ZCH0150FF2E"; VariantName = "[No Variations]"
Add component (AddParameter): Name = "Package"; Value = "Package"; VariantName = "[No Variations]"
Add component (AddParameter): Name = "SnapEDA_Link"; Value = "https://www.snapeda.com/parts/0ZCH0150FF2E/Bel+Circuit+Protection/view-part/?ref=snap"; VariantName = "[No Variations]"
Add component (AddParameter): Name = "Value"; Value = ""; VariantName = "[No Variations]"
Added Component: Designator=Max 4(FUSC3225X90N)
Add component (AddParameter): Name = "Check_prices"; Value = "https://www.snapeda.com/parts/0ZCH0150FF2E/Bel+Circuit+Protection/view-part/?ref=eda"; VariantName = "[No Variations]"
Add component (AddParameter): Name = "MF"; Value = "Bel Fuse"; VariantName = "[No Variations]"
Add component (AddParameter): Name = "MP"; Value = "0ZCH0150FF2E"; VariantName = "[No Variations]"
Add component (AddParameter): Name = "Package"; Value = "Package"; VariantName = "[No Variations]"
Add component (AddParameter): Name = "SnapEDA_Link"; Value = "https://www.snapeda.com/parts/0ZCH0150FF2E/Bel+Circuit+Protection/view-part/?ref=snap"; VariantName = "[No Variations]"
Add component (AddParameter): Name = "Value"; Value = ""; VariantName = "[No Variations]"
Added Component: Designator=Max 5(FUSC3225X90N)
Add component (AddParameter): Name = "Check_prices"; Value = "https://www.snapeda.com/parts/0ZCH0150FF2E/Bel+Circuit+Protection/view-part/?ref=eda"; VariantName = "[No Variations]"
Add component (AddParameter): Name = "MF"; Value = "Bel Fuse"; VariantName = "[No Variations]"
Add component (AddParameter): Name = "MP"; Value = "0ZCH0150FF2E"; VariantName = "[No Variations]"
Add component (AddParameter): Name = "Package"; Value = "Package"; VariantName = "[No Variations]"
Add component (AddParameter): Name = "SnapEDA_Link"; Value = "https://www.snapeda.com/parts/0ZCH0150FF2E/Bel+Circuit+Protection/view-part/?ref=snap"; VariantName = "[No Variations]"
Add component (AddParameter): Name = "Value"; Value = ""; VariantName = "[No Variations]"
Added Component: Designator=Max 6(FUSC3225X90N)
Add component (AddParameter): Name = "Check_prices"; Value = "https://www.snapeda.com/parts/0ZCH0150FF2E/Bel+Circuit+Protection/view-part/?ref=eda"; VariantName = "[No Variations]"
Add component (AddParameter): Name = "MF"; Value = "Bel Fuse"; VariantName = "[No Variations]"
Add component (AddParameter): Name = "MP"; Value = "0ZCH0150FF2E"; VariantName = "[No Variations]"
Add component (AddParameter): Name = "Package"; Value = "Package"; VariantName = "[No Variations]"
Add component (AddParameter): Name = "SnapEDA_Link"; Value = "https://www.snapeda.com/parts/0ZCH0150FF2E/Bel+Circuit+Protection/view-part/?ref=snap"; VariantName = "[No Variations]"
Add component (AddParameter): Name = "Value"; Value = ""; VariantName = "[No Variations]"
Added Component: Designator=Max 7(FUSC3225X90N)
Add component (AddParameter): Name = "Check_prices"; Value = "https://www.snapeda.com/parts/0ZCH0150FF2E/Bel+Circuit+Protection/view-part/?ref=eda"; VariantName = "[No Variations]"
Add component (AddParameter): Name = "MF"; Value = "Bel Fuse"; VariantName = "[No Variations]"
Add component (AddParameter): Name = "MP"; Value = "0ZCH0150FF2E"; VariantName = "[No Variations]"
Add component (AddParameter): Name = "Package"; Value = "Package"; VariantName = "[No Variations]"
Add component (AddParameter): Name = "SnapEDA_Link"; Value = "https://www.snapeda.com/parts/0ZCH0150FF2E/Bel+Circuit+Protection/view-part/?ref=snap"; VariantName = "[No Variations]"
Add component (AddParameter): Name = "Value"; Value = ""; VariantName = "[No Variations]"
Added Component: Designator=Max 8(FUSC3225X90N)
Add component (AddParameter): Name = "Check_prices"; Value = "https://www.snapeda.com/parts/0ZCH0150FF2E/Bel+Circuit+Protection/view-part/?ref=eda"; VariantName = "[No Variations]"
Add component (AddParameter): Name = "MF"; Value = "Bel Fuse"; VariantName = "[No Variations]"
Add component (AddParameter): Name = "MP"; Value = "0ZCH0150FF2E"; VariantName = "[No Variations]"
Add component (AddParameter): Name = "Package"; Value = "Package"; VariantName = "[No Variations]"
Add component (AddParameter): Name = "SnapEDA_Link"; Value = "https://www.snapeda.com/parts/0ZCH0150FF2E/Bel+Circuit+Protection/view-part/?ref=snap"; VariantName = "[No Variations]"
Add component (AddParameter): Name = "Value"; Value = ""; VariantName = "[No Variations]"
Added Component: Designator=Max 9(FUSC3225X90N)
Add component (AddParameter): Name = "Check_prices"; Value = "https://www.snapeda.com/parts/0ZCH0150FF2E/Bel+Circuit+Protection/view-part/?ref=eda"; VariantName = "[No Variations]"
Add component (AddParameter): Name = "MF"; Value = "Bel Fuse"; VariantName = "[No Variations]"
Add component (AddParameter): Name = "MP"; Value = "0ZCH0150FF2E"; VariantName = "[No Variations]"
Add component (AddParameter): Name = "Package"; Value = "Package"; VariantName = "[No Variations]"
Add component (AddParameter): Name = "SnapEDA_Link"; Value = "https://www.snapeda.com/parts/0ZCH0150FF2E/Bel+Circuit+Protection/view-part/?ref=snap"; VariantName = "[No Variations]"
Add component (AddParameter): Name = "Value"; Value = ""; VariantName = "[No Variations]"
Added Component: Designator=Max 10(FUSC3225X90N)
Add component (AddParameter): Name = "Check_prices"; Value = "https://www.snapeda.com/parts/0ZCH0150FF2E/Bel+Circuit+Protection/view-part/?ref=eda"; VariantName = "[No Variations]"
Add component (AddParameter): Name = "MF"; Value = "Bel Fuse"; VariantName = "[No Variations]"
Add component (AddParameter): Name = "MP"; Value = "0ZCH0150FF2E"; VariantName = "[No Variations]"
Add component (AddParameter): Name = "Package"; Value = "Package"; VariantName = "[No Variations]"
Add component (AddParameter): Name = "SnapEDA_Link"; Value = "https://www.snapeda.com/parts/0ZCH0150FF2E/Bel+Circuit+Protection/view-part/?ref=snap"; VariantName = "[No Variations]"
Add component (AddParameter): Name = "Value"; Value = ""; VariantName = "[No Variations]"
Added Component: Designator=Max 11(FUSC3225X90N)
Add component (AddParameter): Name = "Check_prices"; Value = "https://www.snapeda.com/parts/0ZCH0150FF2E/Bel+Circuit+Protection/view-part/?ref=eda"; VariantName = "[No Variations]"
Add component (AddParameter): Name = "MF"; Value = "Bel Fuse"; VariantName = "[No Variations]"
Add component (AddParameter): Name = "MP"; Value = "0ZCH0150FF2E"; VariantName = "[No Variations]"
Add component (AddParameter): Name = "Package"; Value = "Package"; VariantName = "[No Variations]"
Add component (AddParameter): Name = "SnapEDA_Link"; Value = "https://www.snapeda.com/parts/0ZCH0150FF2E/Bel+Circuit+Protection/view-part/?ref=snap"; VariantName = "[No Variations]"
Add component (AddParameter): Name = "Value"; Value = ""; VariantName = "[No Variations]"
Added Component: Designator=Max 12(FUSC3225X90N)
Add component (AddParameter): Name = "Check_prices"; Value = "https://www.snapeda.com/parts/0ZCH0150FF2E/Bel+Circuit+Protection/view-part/?ref=eda"; VariantName = "[No Variations]"
Add component (AddParameter): Name = "MF"; Value = "Bel Fuse"; VariantName = "[No Variations]"
Add component (AddParameter): Name = "MP"; Value = "0ZCH0150FF2E"; VariantName = "[No Variations]"
Add component (AddParameter): Name = "Package"; Value = "Package"; VariantName = "[No Variations]"
Add component (AddParameter): Name = "SnapEDA_Link"; Value = "https://www.snapeda.com/parts/0ZCH0150FF2E/Bel+Circuit+Protection/view-part/?ref=snap"; VariantName = "[No Variations]"
Add component (AddParameter): Name = "Value"; Value = ""; VariantName = "[No Variations]"
Added Component: Designator=Max 30mA(FUSC3225X90N)
Add component (AddParameter): Name = "Check_prices"; Value = "https://www.snapeda.com/parts/0ZCH0150FF2E/Bel+Circuit+Protection/view-part/?ref=eda"; VariantName = "[No Variations]"
Add component (AddParameter): Name = "MF"; Value = "Bel Fuse"; VariantName = "[No Variations]"
Add component (AddParameter): Name = "MP"; Value = "0ZCH0150FF2E"; VariantName = "[No Variations]"
Add component (AddParameter): Name = "Package"; Value = "Package"; VariantName = "[No Variations]"
Add component (AddParameter): Name = "SnapEDA_Link"; Value = "https://www.snapeda.com/parts/0ZCH0150FF2E/Bel+Circuit+Protection/view-part/?ref=snap"; VariantName = "[No Variations]"
Add component (AddParameter): Name = "Value"; Value = ""; VariantName = "[No Variations]"
Added Component: Designator=Max 30mA(FUSC3225X90N)
Add component (AddParameter): Name = "Check_prices"; Value = "https://www.snapeda.com/parts/0ZCH0150FF2E/Bel+Circuit+Protection/view-part/?ref=eda"; VariantName = "[No Variations]"
Add component (AddParameter): Name = "MF"; Value = "Bel Fuse"; VariantName = "[No Variations]"
Add component (AddParameter): Name = "MP"; Value = "0ZCH0150FF2E"; VariantName = "[No Variations]"
Add component (AddParameter): Name = "Package"; Value = "Package"; VariantName = "[No Variations]"
Add component (AddParameter): Name = "SnapEDA_Link"; Value = "https://www.snapeda.com/parts/0ZCH0150FF2E/Bel+Circuit+Protection/view-part/?ref=snap"; VariantName = "[No Variations]"
Add component (AddParameter): Name = "Value"; Value = ""; VariantName = "[No Variations]"
Added Component: Designator=Max 30mA(FUSC3225X90N)
Add component (AddParameter): Name = "Check_prices"; Value = "https://www.snapeda.com/parts/0ZCH0150FF2E/Bel+Circuit+Protection/view-part/?ref=eda"; VariantName = "[No Variations]"
Add component (AddParameter): Name = "MF"; Value = "Bel Fuse"; VariantName = "[No Variations]"
Add component (AddParameter): Name = "MP"; Value = "0ZCH0150FF2E"; VariantName = "[No Variations]"
Add component (AddParameter): Name = "Package"; Value = "Package"; VariantName = "[No Variations]"
Add component (AddParameter): Name = "SnapEDA_Link"; Value = "https://www.snapeda.com/parts/0ZCH0150FF2E/Bel+Circuit+Protection/view-part/?ref=snap"; VariantName = "[No Variations]"
Add component (AddParameter): Name = "Value"; Value = ""; VariantName = "[No Variations]"
Added Component: Designator=Max 30mA(FUSC3225X90N)
Add component (AddParameter): Name = "Check_prices"; Value = "https://www.snapeda.com/parts/0ZCH0150FF2E/Bel+Circuit+Protection/view-part/?ref=eda"; VariantName = "[No Variations]"
Add component (AddParameter): Name = "MF"; Value = "Bel Fuse"; VariantName = "[No Variations]"
Add component (AddParameter): Name = "MP"; Value = "0ZCH0150FF2E"; VariantName = "[No Variations]"
Add component (AddParameter): Name = "Package"; Value = "Package"; VariantName = "[No Variations]"
Add component (AddParameter): Name = "SnapEDA_Link"; Value = "https://www.snapeda.com/parts/0ZCH0150FF2E/Bel+Circuit+Protection/view-part/?ref=snap"; VariantName = "[No Variations]"
Add component (AddParameter): Name = "Value"; Value = ""; VariantName = "[No Variations]"
Added Component: Designator=Max 30mA(FUSC3225X90N)
Add component (AddParameter): Name = "Check_prices"; Value = "https://www.snapeda.com/parts/0ZCH0150FF2E/Bel+Circuit+Protection/view-part/?ref=eda"; VariantName = "[No Variations]"
Add component (AddParameter): Name = "MF"; Value = "Bel Fuse"; VariantName = "[No Variations]"
Add component (AddParameter): Name = "MP"; Value = "0ZCH0150FF2E"; VariantName = "[No Variations]"
Add component (AddParameter): Name = "Package"; Value = "Package"; VariantName = "[No Variations]"
Add component (AddParameter): Name = "SnapEDA_Link"; Value = "https://www.snapeda.com/parts/0ZCH0150FF2E/Bel+Circuit+Protection/view-part/?ref=snap"; VariantName = "[No Variations]"
Add component (AddParameter): Name = "Value"; Value = ""; VariantName = "[No Variations]"
Added Component: Designator=Max 30mA(FUSC3225X90N)
Add component (AddParameter): Name = "Check_prices"; Value = "https://www.snapeda.com/parts/0ZCH0150FF2E/Bel+Circuit+Protection/view-part/?ref=eda"; VariantName = "[No Variations]"
Add component (AddParameter): Name = "MF"; Value = "Bel Fuse"; VariantName = "[No Variations]"
Add component (AddParameter): Name = "MP"; Value = "0ZCH0150FF2E"; VariantName = "[No Variations]"
Add component (AddParameter): Name = "Package"; Value = "Package"; VariantName = "[No Variations]"
Add component (AddParameter): Name = "SnapEDA_Link"; Value = "https://www.snapeda.com/parts/0ZCH0150FF2E/Bel+Circuit+Protection/view-part/?ref=snap"; VariantName = "[No Variations]"
Add component (AddParameter): Name = "Value"; Value = ""; VariantName = "[No Variations]"
Added Component: Designator=Max 30mA(FUSC3225X90N)
Add component (AddParameter): Name = "Check_prices"; Value = "https://www.snapeda.com/parts/0ZCH0150FF2E/Bel+Circuit+Protection/view-part/?ref=eda"; VariantName = "[No Variations]"
Add component (AddParameter): Name = "MF"; Value = "Bel Fuse"; VariantName = "[No Variations]"
Add component (AddParameter): Name = "MP"; Value = "0ZCH0150FF2E"; VariantName = "[No Variations]"
Add component (AddParameter): Name = "Package"; Value = "Package"; VariantName = "[No Variations]"
Add component (AddParameter): Name = "SnapEDA_Link"; Value = "https://www.snapeda.com/parts/0ZCH0150FF2E/Bel+Circuit+Protection/view-part/?ref=snap"; VariantName = "[No Variations]"
Add component (AddParameter): Name = "Value"; Value = ""; VariantName = "[No Variations]"
Added Component: Designator=Max 30mA(FUSC3225X90N)
Add component (AddParameter): Name = "Check_prices"; Value = "https://www.snapeda.com/parts/0ZCH0150FF2E/Bel+Circuit+Protection/view-part/?ref=eda"; VariantName = "[No Variations]"
Add component (AddParameter): Name = "MF"; Value = "Bel Fuse"; VariantName = "[No Variations]"
Add component (AddParameter): Name = "MP"; Value = "0ZCH0150FF2E"; VariantName = "[No Variations]"
Add component (AddParameter): Name = "Package"; Value = "Package"; VariantName = "[No Variations]"
Add component (AddParameter): Name = "SnapEDA_Link"; Value = "https://www.snapeda.com/parts/0ZCH0150FF2E/Bel+Circuit+Protection/view-part/?ref=snap"; VariantName = "[No Variations]"
Add component (AddParameter): Name = "Value"; Value = ""; VariantName = "[No Variations]"
Added Component: Designator=Max 30mA(FUSC3225X90N)
Add component (AddParameter): Name = "Check_prices"; Value = "https://www.snapeda.com/parts/0ZCH0150FF2E/Bel+Circuit+Protection/view-part/?ref=eda"; VariantName = "[No Variations]"
Add component (AddParameter): Name = "MF"; Value = "Bel Fuse"; VariantName = "[No Variations]"
Add component (AddParameter): Name = "MP"; Value = "0ZCH0150FF2E"; VariantName = "[No Variations]"
Add component (AddParameter): Name = "Package"; Value = "Package"; VariantName = "[No Variations]"
Add component (AddParameter): Name = "SnapEDA_Link"; Value = "https://www.snapeda.com/parts/0ZCH0150FF2E/Bel+Circuit+Protection/view-part/?ref=snap"; VariantName = "[No Variations]"
Add component (AddParameter): Name = "Value"; Value = ""; VariantName = "[No Variations]"
Added Component: Designator=Max 30mA(FUSC3225X90N)
Add component (AddParameter): Name = "Check_prices"; Value = "https://www.snapeda.com/parts/0ZCH0150FF2E/Bel+Circuit+Protection/view-part/?ref=eda"; VariantName = "[No Variations]"
Add component (AddParameter): Name = "MF"; Value = "Bel Fuse"; VariantName = "[No Variations]"
Add component (AddParameter): Name = "MP"; Value = "0ZCH0150FF2E"; VariantName = "[No Variations]"
Add component (AddParameter): Name = "Package"; Value = "Package"; VariantName = "[No Variations]"
Add component (AddParameter): Name = "SnapEDA_Link"; Value = "https://www.snapeda.com/parts/0ZCH0150FF2E/Bel+Circuit+Protection/view-part/?ref=snap"; VariantName = "[No Variations]"
Add component (AddParameter): Name = "Value"; Value = ""; VariantName = "[No Variations]"
Added Component: Designator=P1(HDR/Header/12)
Add component (AddParameter): Name = "BRAND"; Value = ""; VariantName = "[No Variations]"
Add component (AddParameter): Name = "PACKAGE"; Value = ""; VariantName = "[No Variations]"
Add component (AddParameter): Name = "PART NO"; Value = ""; VariantName = "[No Variations]"
Add component (AddParameter): Name = "STOCK CODE"; Value = ""; VariantName = "[No Variations]"
Add component (AddParameter): Name = "SUPPLIER"; Value = ""; VariantName = "[No Variations]"
Add component (AddParameter): Name = "TYPE"; Value = ""; VariantName = "[No Variations]"
Added Component: Designator=P2(HDR/Header/14)
Add component (AddParameter): Name = "BRAND"; Value = ""; VariantName = "[No Variations]"
Add component (AddParameter): Name = "PACKAGE"; Value = ""; VariantName = "[No Variations]"
Add component (AddParameter): Name = "PART NO"; Value = ""; VariantName = "[No Variations]"
Add component (AddParameter): Name = "STOCK CODE"; Value = ""; VariantName = "[No Variations]"
Add component (AddParameter): Name = "SUPPLIER"; Value = ""; VariantName = "[No Variations]"
Add component (AddParameter): Name = "TYPE"; Value = ""; VariantName = "[No Variations]"
Added Component: Designator=P3(HDR/Header/3/c1)
Add component (AddParameter): Name = "BRAND"; Value = ""; VariantName = "[No Variations]"
Add component (AddParameter): Name = "PACKAGE"; Value = ""; VariantName = "[No Variations]"
Add component (AddParameter): Name = "PART NO"; Value = ""; VariantName = "[No Variations]"
Add component (AddParameter): Name = "STOCK CODE"; Value = ""; VariantName = "[No Variations]"
Add component (AddParameter): Name = "SUPPLIER"; Value = ""; VariantName = "[No Variations]"
Add component (AddParameter): Name = "TYPE"; Value = ""; VariantName = "[No Variations]"
Added Component: Designator=P4(HDR/Header/9)
Add component (AddParameter): Name = "BRAND"; Value = ""; VariantName = "[No Variations]"
Add component (AddParameter): Name = "PACKAGE"; Value = ""; VariantName = "[No Variations]"
Add component (AddParameter): Name = "PART NO"; Value = ""; VariantName = "[No Variations]"
Add component (AddParameter): Name = "STOCK CODE"; Value = ""; VariantName = "[No Variations]"
Add component (AddParameter): Name = "SUPPLIER"; Value = ""; VariantName = "[No Variations]"
Add component (AddParameter): Name = "TYPE"; Value = ""; VariantName = "[No Variations]"
Added Component: Designator=P5(HDR/Header/10)
Add component (AddParameter): Name = "BRAND"; Value = ""; VariantName = "[No Variations]"
Add component (AddParameter): Name = "PACKAGE"; Value = ""; VariantName = "[No Variations]"
Add component (AddParameter): Name = "PART NO"; Value = ""; VariantName = "[No Variations]"
Add component (AddParameter): Name = "STOCK CODE"; Value = ""; VariantName = "[No Variations]"
Add component (AddParameter): Name = "SUPPLIER"; Value = ""; VariantName = "[No Variations]"
Add component (AddParameter): Name = "TYPE"; Value = ""; VariantName = "[No Variations]"
Added Component: Designator=P6(HDR/Header/9)
Add component (AddParameter): Name = "BRAND"; Value = ""; VariantName = "[No Variations]"
Add component (AddParameter): Name = "PACKAGE"; Value = ""; VariantName = "[No Variations]"
Add component (AddParameter): Name = "PART NO"; Value = ""; VariantName = "[No Variations]"
Add component (AddParameter): Name = "STOCK CODE"; Value = ""; VariantName = "[No Variations]"
Add component (AddParameter): Name = "SUPPLIER"; Value = ""; VariantName = "[No Variations]"
Add component (AddParameter): Name = "TYPE"; Value = ""; VariantName = "[No Variations]"
Added Component: Designator=Q1(TRANS_BUK9M15-60EX)
Add component (AddParameter): Name = "Check_prices"; Value = "https://www.snapeda.com/parts/BUK9M15-60EX/Nexperia/view-part/?ref=eda"; VariantName = "[No Variations]"
Add component (AddParameter): Name = "MF"; Value = "Nexperia USA"; VariantName = "[No Variations]"
Add component (AddParameter): Name = "MP"; Value = "BUK9M15-60EX"; VariantName = "[No Variations]"
Add component (AddParameter): Name = "Package"; Value = "LFPAK33-8 Nexperia USA Inc."; VariantName = "[No Variations]"
Add component (AddParameter): Name = "SnapEDA_Link"; Value = "https://www.snapeda.com/parts/BUK9M15-60EX/Nexperia/view-part/?ref=snap"; VariantName = "[No Variations]"
Add component (AddParameter): Name = "Value"; Value = ""; VariantName = "[No Variations]"
Added Component: Designator=Q2(TRANS_BUK9M15-60EX)
Add component (AddParameter): Name = "Check_prices"; Value = "https://www.snapeda.com/parts/BUK9M15-60EX/Nexperia/view-part/?ref=eda"; VariantName = "[No Variations]"
Add component (AddParameter): Name = "MF"; Value = "Nexperia USA"; VariantName = "[No Variations]"
Add component (AddParameter): Name = "MP"; Value = "BUK9M15-60EX"; VariantName = "[No Variations]"
Add component (AddParameter): Name = "Package"; Value = "LFPAK33-8 Nexperia USA Inc."; VariantName = "[No Variations]"
Add component (AddParameter): Name = "SnapEDA_Link"; Value = "https://www.snapeda.com/parts/BUK9M15-60EX/Nexperia/view-part/?ref=snap"; VariantName = "[No Variations]"
Add component (AddParameter): Name = "Value"; Value = ""; VariantName = "[No Variations]"
Added Component: Designator=Q3(TRANS_BUK9M15-60EX)
Add component (AddParameter): Name = "Check_prices"; Value = "https://www.snapeda.com/parts/BUK9M15-60EX/Nexperia/view-part/?ref=eda"; VariantName = "[No Variations]"
Add component (AddParameter): Name = "MF"; Value = "Nexperia USA"; VariantName = "[No Variations]"
Add component (AddParameter): Name = "MP"; Value = "BUK9M15-60EX"; VariantName = "[No Variations]"
Add component (AddParameter): Name = "Package"; Value = "LFPAK33-8 Nexperia USA Inc."; VariantName = "[No Variations]"
Add component (AddParameter): Name = "SnapEDA_Link"; Value = "https://www.snapeda.com/parts/BUK9M15-60EX/Nexperia/view-part/?ref=snap"; VariantName = "[No Variations]"
Add component (AddParameter): Name = "Value"; Value = ""; VariantName = "[No Variations]"
Added Component: Designator=Q4(TRANS_BUK9M15-60EX)
Add component (AddParameter): Name = "Check_prices"; Value = "https://www.snapeda.com/parts/BUK9M15-60EX/Nexperia/view-part/?ref=eda"; VariantName = "[No Variations]"
Add component (AddParameter): Name = "MF"; Value = "Nexperia USA"; VariantName = "[No Variations]"
Add component (AddParameter): Name = "MP"; Value = "BUK9M15-60EX"; VariantName = "[No Variations]"
Add component (AddParameter): Name = "Package"; Value = "LFPAK33-8 Nexperia USA Inc."; VariantName = "[No Variations]"
Add component (AddParameter): Name = "SnapEDA_Link"; Value = "https://www.snapeda.com/parts/BUK9M15-60EX/Nexperia/view-part/?ref=snap"; VariantName = "[No Variations]"
Add component (AddParameter): Name = "Value"; Value = ""; VariantName = "[No Variations]"
Added Component: Designator=Q5(TRANS_BUK9M15-60EX)
Add component (AddParameter): Name = "Check_prices"; Value = "https://www.snapeda.com/parts/BUK9M15-60EX/Nexperia/view-part/?ref=eda"; VariantName = "[No Variations]"
Add component (AddParameter): Name = "MF"; Value = "Nexperia USA"; VariantName = "[No Variations]"
Add component (AddParameter): Name = "MP"; Value = "BUK9M15-60EX"; VariantName = "[No Variations]"
Add component (AddParameter): Name = "Package"; Value = "LFPAK33-8 Nexperia USA Inc."; VariantName = "[No Variations]"
Add component (AddParameter): Name = "SnapEDA_Link"; Value = "https://www.snapeda.com/parts/BUK9M15-60EX/Nexperia/view-part/?ref=snap"; VariantName = "[No Variations]"
Add component (AddParameter): Name = "Value"; Value = ""; VariantName = "[No Variations]"
Added Component: Designator=Q6(TRANS_BUK9M15-60EX)
Add component (AddParameter): Name = "Check_prices"; Value = "https://www.snapeda.com/parts/BUK9M15-60EX/Nexperia/view-part/?ref=eda"; VariantName = "[No Variations]"
Add component (AddParameter): Name = "MF"; Value = "Nexperia USA"; VariantName = "[No Variations]"
Add component (AddParameter): Name = "MP"; Value = "BUK9M15-60EX"; VariantName = "[No Variations]"
Add component (AddParameter): Name = "Package"; Value = "LFPAK33-8 Nexperia USA Inc."; VariantName = "[No Variations]"
Add component (AddParameter): Name = "SnapEDA_Link"; Value = "https://www.snapeda.com/parts/BUK9M15-60EX/Nexperia/view-part/?ref=snap"; VariantName = "[No Variations]"
Add component (AddParameter): Name = "Value"; Value = ""; VariantName = "[No Variations]"
Added Component: Designator=Q7(TRANS_BUK9M15-60EX)
Add component (AddParameter): Name = "Check_prices"; Value = "https://www.snapeda.com/parts/BUK9M15-60EX/Nexperia/view-part/?ref=eda"; VariantName = "[No Variations]"
Add component (AddParameter): Name = "MF"; Value = "Nexperia USA"; VariantName = "[No Variations]"
Add component (AddParameter): Name = "MP"; Value = "BUK9M15-60EX"; VariantName = "[No Variations]"
Add component (AddParameter): Name = "Package"; Value = "LFPAK33-8 Nexperia USA Inc."; VariantName = "[No Variations]"
Add component (AddParameter): Name = "SnapEDA_Link"; Value = "https://www.snapeda.com/parts/BUK9M15-60EX/Nexperia/view-part/?ref=snap"; VariantName = "[No Variations]"
Add component (AddParameter): Name = "Value"; Value = ""; VariantName = "[No Variations]"
Added Component: Designator=Q8(TRANS_BUK9M15-60EX)
Add component (AddParameter): Name = "Check_prices"; Value = "https://www.snapeda.com/parts/BUK9M15-60EX/Nexperia/view-part/?ref=eda"; VariantName = "[No Variations]"
Add component (AddParameter): Name = "MF"; Value = "Nexperia USA"; VariantName = "[No Variations]"
Add component (AddParameter): Name = "MP"; Value = "BUK9M15-60EX"; VariantName = "[No Variations]"
Add component (AddParameter): Name = "Package"; Value = "LFPAK33-8 Nexperia USA Inc."; VariantName = "[No Variations]"
Add component (AddParameter): Name = "SnapEDA_Link"; Value = "https://www.snapeda.com/parts/BUK9M15-60EX/Nexperia/view-part/?ref=snap"; VariantName = "[No Variations]"
Add component (AddParameter): Name = "Value"; Value = ""; VariantName = "[No Variations]"
Add component: Footprint Not Found SOT-23
Add component: Footprint Not Found SOT-23
Add component: Footprint Not Found SOT-23
Added Component: Designator=R1(tro smd 0603)
Add component (AddParameter): Name = "Chung_Loai"; Value = "Dán"; VariantName = "[No Variations]"
Add component (AddParameter): Name = "Don_Vi"; Value = "Con"; VariantName = "[No Variations]"
Add component (AddParameter): Name = "Kieu_Chan"; Value = ""; VariantName = "[No Variations]"
Add component (AddParameter): Name = "Ma_Hang"; Value = "MH006333"; VariantName = "[No Variations]"
Add component (AddParameter): Name = "So_Chan"; Value = "2"; VariantName = "[No Variations]"
Add component (AddParameter): Name = "Ten_Linh_Kien"; Value = "Tr? 0603 1% 10k"; VariantName = "[No Variations]"
Added Component: Designator=R2(tro smd 0603)
Add component (AddParameter): Name = "Chung_Loai"; Value = "Dán"; VariantName = "[No Variations]"
Add component (AddParameter): Name = "Don_Vi"; Value = "Con"; VariantName = "[No Variations]"
Add component (AddParameter): Name = "Kieu_Chan"; Value = ""; VariantName = "[No Variations]"
Add component (AddParameter): Name = "Ma_Hang"; Value = "MH006333"; VariantName = "[No Variations]"
Add component (AddParameter): Name = "So_Chan"; Value = "2"; VariantName = "[No Variations]"
Add component (AddParameter): Name = "Ten_Linh_Kien"; Value = "Tr? 0603 1% 10k"; VariantName = "[No Variations]"
Added Component: Designator=R3(tro smd 0603)
Add component (AddParameter): Name = "Chung_Loai"; Value = "Dán"; VariantName = "[No Variations]"
Add component (AddParameter): Name = "Don_Vi"; Value = "Con"; VariantName = "[No Variations]"
Add component (AddParameter): Name = "Kieu_Chan"; Value = ""; VariantName = "[No Variations]"
Add component (AddParameter): Name = "Ma_Hang"; Value = "MH006333"; VariantName = "[No Variations]"
Add component (AddParameter): Name = "So_Chan"; Value = "2"; VariantName = "[No Variations]"
Add component (AddParameter): Name = "Ten_Linh_Kien"; Value = "Tr? 0603 1% 10k"; VariantName = "[No Variations]"
Added Component: Designator=R4(tro smd 0603)
Add component (AddParameter): Name = "Chung_Loai"; Value = "Dán"; VariantName = "[No Variations]"
Add component (AddParameter): Name = "Don_Vi"; Value = "Con"; VariantName = "[No Variations]"
Add component (AddParameter): Name = "Kieu_Chan"; Value = ""; VariantName = "[No Variations]"
Add component (AddParameter): Name = "Ma_Hang"; Value = "MH006333"; VariantName = "[No Variations]"
Add component (AddParameter): Name = "So_Chan"; Value = "2"; VariantName = "[No Variations]"
Add component (AddParameter): Name = "Ten_Linh_Kien"; Value = "Tr? 0603 1% 10k"; VariantName = "[No Variations]"
Added Component: Designator=R5(tro smd 0603)
Add component (AddParameter): Name = "Chung_Loai"; Value = "Dán"; VariantName = "[No Variations]"
Add component (AddParameter): Name = "Don_Vi"; Value = "Con"; VariantName = "[No Variations]"
Add component (AddParameter): Name = "Kieu_Chan"; Value = ""; VariantName = "[No Variations]"
Add component (AddParameter): Name = "Ma_Hang"; Value = "MH006333"; VariantName = "[No Variations]"
Add component (AddParameter): Name = "So_Chan"; Value = "2"; VariantName = "[No Variations]"
Add component (AddParameter): Name = "Ten_Linh_Kien"; Value = "Tr? 0603 1% 10k"; VariantName = "[No Variations]"
Added Component: Designator=R6(tro smd 0603)
Add component (AddParameter): Name = "Chung_Loai"; Value = "Dán"; VariantName = "[No Variations]"
Add component (AddParameter): Name = "Don_Vi"; Value = "Con"; VariantName = "[No Variations]"
Add component (AddParameter): Name = "Kieu_Chan"; Value = ""; VariantName = "[No Variations]"
Add component (AddParameter): Name = "Ma_Hang"; Value = "MH006333"; VariantName = "[No Variations]"
Add component (AddParameter): Name = "So_Chan"; Value = "2"; VariantName = "[No Variations]"
Add component (AddParameter): Name = "Ten_Linh_Kien"; Value = "Tr? 0603 1% 10k"; VariantName = "[No Variations]"
Added Component: Designator=R7(tro smd 0603)
Add component (AddParameter): Name = "Chung_Loai"; Value = "Dán"; VariantName = "[No Variations]"
Add component (AddParameter): Name = "Don_Vi"; Value = "Con"; VariantName = "[No Variations]"
Add component (AddParameter): Name = "Kieu_Chan"; Value = ""; VariantName = "[No Variations]"
Add component (AddParameter): Name = "Ma_Hang"; Value = "MH006333"; VariantName = "[No Variations]"
Add component (AddParameter): Name = "So_Chan"; Value = "2"; VariantName = "[No Variations]"
Add component (AddParameter): Name = "Ten_Linh_Kien"; Value = "Tr? 0603 1% 10k"; VariantName = "[No Variations]"
Added Component: Designator=R8(tro smd 0603)
Add component (AddParameter): Name = "Chung_Loai"; Value = "Dán"; VariantName = "[No Variations]"
Add component (AddParameter): Name = "Don_Vi"; Value = "Con"; VariantName = "[No Variations]"
Add component (AddParameter): Name = "Kieu_Chan"; Value = ""; VariantName = "[No Variations]"
Add component (AddParameter): Name = "Ma_Hang"; Value = "MH006333"; VariantName = "[No Variations]"
Add component (AddParameter): Name = "So_Chan"; Value = "2"; VariantName = "[No Variations]"
Add component (AddParameter): Name = "Ten_Linh_Kien"; Value = "Tr? 0603 1% 10k"; VariantName = "[No Variations]"
Added Component: Designator=R9(tro smd 0603)
Add component (AddParameter): Name = "Chung_Loai"; Value = "Dán"; VariantName = "[No Variations]"
Add component (AddParameter): Name = "Don_Vi"; Value = "Con"; VariantName = "[No Variations]"
Add component (AddParameter): Name = "Kieu_Chan"; Value = ""; VariantName = "[No Variations]"
Add component (AddParameter): Name = "Ma_Hang"; Value = "MH006333"; VariantName = "[No Variations]"
Add component (AddParameter): Name = "So_Chan"; Value = "2"; VariantName = "[No Variations]"
Add component (AddParameter): Name = "Ten_Linh_Kien"; Value = "Tr? 0603 1% 10k"; VariantName = "[No Variations]"
Added Component: Designator=R10(tro smd 0603)
Add component (AddParameter): Name = "Chung_Loai"; Value = "Dán"; VariantName = "[No Variations]"
Add component (AddParameter): Name = "Don_Vi"; Value = "Con"; VariantName = "[No Variations]"
Add component (AddParameter): Name = "Kieu_Chan"; Value = ""; VariantName = "[No Variations]"
Add component (AddParameter): Name = "Ma_Hang"; Value = "MH006333"; VariantName = "[No Variations]"
Add component (AddParameter): Name = "So_Chan"; Value = "2"; VariantName = "[No Variations]"
Add component (AddParameter): Name = "Ten_Linh_Kien"; Value = "Tr? 0603 1% 10k"; VariantName = "[No Variations]"
Added Component: Designator=R11(tro smd 0603)
Add component (AddParameter): Name = "Chung_Loai"; Value = "Dán"; VariantName = "[No Variations]"
Add component (AddParameter): Name = "Don_Vi"; Value = "Con"; VariantName = "[No Variations]"
Add component (AddParameter): Name = "Kieu_Chan"; Value = ""; VariantName = "[No Variations]"
Add component (AddParameter): Name = "Ma_Hang"; Value = "MH006333"; VariantName = "[No Variations]"
Add component (AddParameter): Name = "So_Chan"; Value = "2"; VariantName = "[No Variations]"
Add component (AddParameter): Name = "Ten_Linh_Kien"; Value = "Tr? 0603 1% 10k"; VariantName = "[No Variations]"
Added Component: Designator=R12(tro smd 0603)
Add component (AddParameter): Name = "Chung_Loai"; Value = "Dán"; VariantName = "[No Variations]"
Add component (AddParameter): Name = "Don_Vi"; Value = "Con"; VariantName = "[No Variations]"
Add component (AddParameter): Name = "Kieu_Chan"; Value = ""; VariantName = "[No Variations]"
Add component (AddParameter): Name = "Ma_Hang"; Value = "MH006333"; VariantName = "[No Variations]"
Add component (AddParameter): Name = "So_Chan"; Value = "2"; VariantName = "[No Variations]"
Add component (AddParameter): Name = "Ten_Linh_Kien"; Value = "Tr? 0603 1% 10k"; VariantName = "[No Variations]"
Added Component: Designator=R13(tro smd 0603)
Add component (AddParameter): Name = "Chung_Loai"; Value = "Dán"; VariantName = "[No Variations]"
Add component (AddParameter): Name = "Don_Vi"; Value = "Con"; VariantName = "[No Variations]"
Add component (AddParameter): Name = "Kieu_Chan"; Value = ""; VariantName = "[No Variations]"
Add component (AddParameter): Name = "Ma_Hang"; Value = "MH006333"; VariantName = "[No Variations]"
Add component (AddParameter): Name = "So_Chan"; Value = "2"; VariantName = "[No Variations]"
Add component (AddParameter): Name = "Ten_Linh_Kien"; Value = "Tr? 0603 1% 10k"; VariantName = "[No Variations]"
Added Component: Designator=R14(tro smd 0603)
Add component (AddParameter): Name = "Chung_Loai"; Value = "Dán"; VariantName = "[No Variations]"
Add component (AddParameter): Name = "Don_Vi"; Value = "Con"; VariantName = "[No Variations]"
Add component (AddParameter): Name = "Kieu_Chan"; Value = ""; VariantName = "[No Variations]"
Add component (AddParameter): Name = "Ma_Hang"; Value = "MH006333"; VariantName = "[No Variations]"
Add component (AddParameter): Name = "So_Chan"; Value = "2"; VariantName = "[No Variations]"
Add component (AddParameter): Name = "Ten_Linh_Kien"; Value = "Tr? 0603 1% 10k"; VariantName = "[No Variations]"
Added Component: Designator=R15(tro smd 0603)
Add component (AddParameter): Name = "Chung_Loai"; Value = "Dán"; VariantName = "[No Variations]"
Add component (AddParameter): Name = "Don_Vi"; Value = "Con"; VariantName = "[No Variations]"
Add component (AddParameter): Name = "Kieu_Chan"; Value = ""; VariantName = "[No Variations]"
Add component (AddParameter): Name = "Ma_Hang"; Value = "MH006333"; VariantName = "[No Variations]"
Add component (AddParameter): Name = "So_Chan"; Value = "2"; VariantName = "[No Variations]"
Add component (AddParameter): Name = "Ten_Linh_Kien"; Value = "Tr? 0603 1% 10k"; VariantName = "[No Variations]"
Added Component: Designator=R16(tro smd 0603)
Add component (AddParameter): Name = "Chung_Loai"; Value = "Dán"; VariantName = "[No Variations]"
Add component (AddParameter): Name = "Don_Vi"; Value = "Con"; VariantName = "[No Variations]"
Add component (AddParameter): Name = "Kieu_Chan"; Value = ""; VariantName = "[No Variations]"
Add component (AddParameter): Name = "Ma_Hang"; Value = "MH006333"; VariantName = "[No Variations]"
Add component (AddParameter): Name = "So_Chan"; Value = "2"; VariantName = "[No Variations]"
Add component (AddParameter): Name = "Ten_Linh_Kien"; Value = "Tr? 0603 1% 10k"; VariantName = "[No Variations]"
Added Component: Designator=R17(tro smd 0603)
Add component (AddParameter): Name = "Chung_Loai"; Value = "Dán"; VariantName = "[No Variations]"
Add component (AddParameter): Name = "Don_Vi"; Value = "Con"; VariantName = "[No Variations]"
Add component (AddParameter): Name = "Kieu_Chan"; Value = ""; VariantName = "[No Variations]"
Add component (AddParameter): Name = "Ma_Hang"; Value = "MH006333"; VariantName = "[No Variations]"
Add component (AddParameter): Name = "So_Chan"; Value = "2"; VariantName = "[No Variations]"
Add component (AddParameter): Name = "Ten_Linh_Kien"; Value = "Tr? 0603 1% 10k"; VariantName = "[No Variations]"
Added Component: Designator=R18(tro smd 0603)
Add component (AddParameter): Name = "Chung_Loai"; Value = "Dán"; VariantName = "[No Variations]"
Add component (AddParameter): Name = "Don_Vi"; Value = "Con"; VariantName = "[No Variations]"
Add component (AddParameter): Name = "Kieu_Chan"; Value = ""; VariantName = "[No Variations]"
Add component (AddParameter): Name = "Ma_Hang"; Value = "MH006333"; VariantName = "[No Variations]"
Add component (AddParameter): Name = "So_Chan"; Value = "2"; VariantName = "[No Variations]"
Add component (AddParameter): Name = "Ten_Linh_Kien"; Value = "Tr? 0603 1% 10k"; VariantName = "[No Variations]"
Added Component: Designator=R19(tro smd 0603)
Add component (AddParameter): Name = "Chung_Loai"; Value = "Dán"; VariantName = "[No Variations]"
Add component (AddParameter): Name = "Don_Vi"; Value = "Con"; VariantName = "[No Variations]"
Add component (AddParameter): Name = "Kieu_Chan"; Value = ""; VariantName = "[No Variations]"
Add component (AddParameter): Name = "Ma_Hang"; Value = "MH006333"; VariantName = "[No Variations]"
Add component (AddParameter): Name = "So_Chan"; Value = "2"; VariantName = "[No Variations]"
Add component (AddParameter): Name = "Ten_Linh_Kien"; Value = "Tr? 0603 1% 10k"; VariantName = "[No Variations]"
Added Component: Designator=R20(tro smd 0603)
Add component (AddParameter): Name = "Chung_Loai"; Value = "Dán"; VariantName = "[No Variations]"
Add component (AddParameter): Name = "Don_Vi"; Value = "Con"; VariantName = "[No Variations]"
Add component (AddParameter): Name = "Kieu_Chan"; Value = ""; VariantName = "[No Variations]"
Add component (AddParameter): Name = "Ma_Hang"; Value = "MH006333"; VariantName = "[No Variations]"
Add component (AddParameter): Name = "So_Chan"; Value = "2"; VariantName = "[No Variations]"
Add component (AddParameter): Name = "Ten_Linh_Kien"; Value = "Tr? 0603 1% 10k"; VariantName = "[No Variations]"
Added Component: Designator=R21(tro smd 0603)
Add component (AddParameter): Name = "Chung_Loai"; Value = "Dán"; VariantName = "[No Variations]"
Add component (AddParameter): Name = "Don_Vi"; Value = "Con"; VariantName = "[No Variations]"
Add component (AddParameter): Name = "Kieu_Chan"; Value = ""; VariantName = "[No Variations]"
Add component (AddParameter): Name = "Ma_Hang"; Value = "MH006333"; VariantName = "[No Variations]"
Add component (AddParameter): Name = "So_Chan"; Value = "2"; VariantName = "[No Variations]"
Add component (AddParameter): Name = "Ten_Linh_Kien"; Value = "Tr? 0603 1% 10k"; VariantName = "[No Variations]"
Added Component: Designator=R22(tro smd 0603)
Add component (AddParameter): Name = "Chung_Loai"; Value = "Dán"; VariantName = "[No Variations]"
Add component (AddParameter): Name = "Don_Vi"; Value = "Con"; VariantName = "[No Variations]"
Add component (AddParameter): Name = "Kieu_Chan"; Value = ""; VariantName = "[No Variations]"
Add component (AddParameter): Name = "Ma_Hang"; Value = "MH006333"; VariantName = "[No Variations]"
Add component (AddParameter): Name = "So_Chan"; Value = "2"; VariantName = "[No Variations]"
Add component (AddParameter): Name = "Ten_Linh_Kien"; Value = "Tr? 0603 1% 10k"; VariantName = "[No Variations]"
Added Component: Designator=R23(tro smd 0603)
Add component (AddParameter): Name = "Chung_Loai"; Value = "Dán"; VariantName = "[No Variations]"
Add component (AddParameter): Name = "Don_Vi"; Value = "Con"; VariantName = "[No Variations]"
Add component (AddParameter): Name = "Kieu_Chan"; Value = ""; VariantName = "[No Variations]"
Add component (AddParameter): Name = "Ma_Hang"; Value = "MH006333"; VariantName = "[No Variations]"
Add component (AddParameter): Name = "So_Chan"; Value = "2"; VariantName = "[No Variations]"
Add component (AddParameter): Name = "Ten_Linh_Kien"; Value = "Tr? 0603 1% 10k"; VariantName = "[No Variations]"
Added Component: Designator=R24(tro smd 0603)
Add component (AddParameter): Name = "Chung_Loai"; Value = "Dán"; VariantName = "[No Variations]"
Add component (AddParameter): Name = "Don_Vi"; Value = "Con"; VariantName = "[No Variations]"
Add component (AddParameter): Name = "Kieu_Chan"; Value = ""; VariantName = "[No Variations]"
Add component (AddParameter): Name = "Ma_Hang"; Value = "MH006333"; VariantName = "[No Variations]"
Add component (AddParameter): Name = "So_Chan"; Value = "2"; VariantName = "[No Variations]"
Add component (AddParameter): Name = "Ten_Linh_Kien"; Value = "Tr? 0603 1% 10k"; VariantName = "[No Variations]"
Added Component: Designator=R25(tro smd 0603)
Add component (AddParameter): Name = "Chung_Loai"; Value = "Dán"; VariantName = "[No Variations]"
Add component (AddParameter): Name = "Don_Vi"; Value = "Con"; VariantName = "[No Variations]"
Add component (AddParameter): Name = "Kieu_Chan"; Value = ""; VariantName = "[No Variations]"
Add component (AddParameter): Name = "Ma_Hang"; Value = "MH006333"; VariantName = "[No Variations]"
Add component (AddParameter): Name = "So_Chan"; Value = "2"; VariantName = "[No Variations]"
Add component (AddParameter): Name = "Ten_Linh_Kien"; Value = "Tr? 0603 1% 10k"; VariantName = "[No Variations]"
Added Component: Designator=R26(tro smd 0603)
Add component (AddParameter): Name = "Chung_Loai"; Value = "Dán"; VariantName = "[No Variations]"
Add component (AddParameter): Name = "Don_Vi"; Value = "Con"; VariantName = "[No Variations]"
Add component (AddParameter): Name = "Kieu_Chan"; Value = ""; VariantName = "[No Variations]"
Add component (AddParameter): Name = "Ma_Hang"; Value = "MH006333"; VariantName = "[No Variations]"
Add component (AddParameter): Name = "So_Chan"; Value = "2"; VariantName = "[No Variations]"
Add component (AddParameter): Name = "Ten_Linh_Kien"; Value = "Tr? 0603 1% 10k"; VariantName = "[No Variations]"
Added Component: Designator=R27(tro smd 0603)
Add component (AddParameter): Name = "Chung_Loai"; Value = "Dán"; VariantName = "[No Variations]"
Add component (AddParameter): Name = "Don_Vi"; Value = "Con"; VariantName = "[No Variations]"
Add component (AddParameter): Name = "Kieu_Chan"; Value = ""; VariantName = "[No Variations]"
Add component (AddParameter): Name = "Ma_Hang"; Value = "MH006333"; VariantName = "[No Variations]"
Add component (AddParameter): Name = "So_Chan"; Value = "2"; VariantName = "[No Variations]"
Add component (AddParameter): Name = "Ten_Linh_Kien"; Value = "Tr? 0603 1% 10k"; VariantName = "[No Variations]"
Added Component: Designator=R28(tro smd 0603)
Add component (AddParameter): Name = "Chung_Loai"; Value = "Dán"; VariantName = "[No Variations]"
Add component (AddParameter): Name = "Don_Vi"; Value = "Con"; VariantName = "[No Variations]"
Add component (AddParameter): Name = "Kieu_Chan"; Value = ""; VariantName = "[No Variations]"
Add component (AddParameter): Name = "Ma_Hang"; Value = "MH006333"; VariantName = "[No Variations]"
Add component (AddParameter): Name = "So_Chan"; Value = "2"; VariantName = "[No Variations]"
Add component (AddParameter): Name = "Ten_Linh_Kien"; Value = "Tr? 0603 1% 10k"; VariantName = "[No Variations]"
Added Component: Designator=R29(tro smd 0603)
Add component (AddParameter): Name = "Chung_Loai"; Value = "Dán"; VariantName = "[No Variations]"
Add component (AddParameter): Name = "Don_Vi"; Value = "Con"; VariantName = "[No Variations]"
Add component (AddParameter): Name = "Kieu_Chan"; Value = ""; VariantName = "[No Variations]"
Add component (AddParameter): Name = "Ma_Hang"; Value = "MH006333"; VariantName = "[No Variations]"
Add component (AddParameter): Name = "So_Chan"; Value = "2"; VariantName = "[No Variations]"
Add component (AddParameter): Name = "Ten_Linh_Kien"; Value = "Tr? 0603 1% 10k"; VariantName = "[No Variations]"
Added Component: Designator=R30(tro smd 0603)
Add component (AddParameter): Name = "Chung_Loai"; Value = "Dán"; VariantName = "[No Variations]"
Add component (AddParameter): Name = "Don_Vi"; Value = "Con"; VariantName = "[No Variations]"
Add component (AddParameter): Name = "Kieu_Chan"; Value = ""; VariantName = "[No Variations]"
Add component (AddParameter): Name = "Ma_Hang"; Value = "MH006333"; VariantName = "[No Variations]"
Add component (AddParameter): Name = "So_Chan"; Value = "2"; VariantName = "[No Variations]"
Add component (AddParameter): Name = "Ten_Linh_Kien"; Value = "Tr? 0603 1% 10k"; VariantName = "[No Variations]"
Added Component: Designator=R31(tro smd 0603)
Add component (AddParameter): Name = "Chung_Loai"; Value = "Dán"; VariantName = "[No Variations]"
Add component (AddParameter): Name = "Don_Vi"; Value = "Con"; VariantName = "[No Variations]"
Add component (AddParameter): Name = "Kieu_Chan"; Value = ""; VariantName = "[No Variations]"
Add component (AddParameter): Name = "Ma_Hang"; Value = "MH006333"; VariantName = "[No Variations]"
Add component (AddParameter): Name = "So_Chan"; Value = "2"; VariantName = "[No Variations]"
Add component (AddParameter): Name = "Ten_Linh_Kien"; Value = "Tr? 0603 1% 10k"; VariantName = "[No Variations]"
Added Component: Designator=R32(tro smd 0603)
Add component (AddParameter): Name = "Chung_Loai"; Value = "Dán"; VariantName = "[No Variations]"
Add component (AddParameter): Name = "Don_Vi"; Value = "Con"; VariantName = "[No Variations]"
Add component (AddParameter): Name = "Kieu_Chan"; Value = ""; VariantName = "[No Variations]"
Add component (AddParameter): Name = "Ma_Hang"; Value = "MH006333"; VariantName = "[No Variations]"
Add component (AddParameter): Name = "So_Chan"; Value = "2"; VariantName = "[No Variations]"
Add component (AddParameter): Name = "Ten_Linh_Kien"; Value = "Tr? 0603 1% 10k"; VariantName = "[No Variations]"
Added Component: Designator=R33(tro smd 0603)
Add component (AddParameter): Name = "Chung_Loai"; Value = "Dán"; VariantName = "[No Variations]"
Add component (AddParameter): Name = "Don_Vi"; Value = "Con"; VariantName = "[No Variations]"
Add component (AddParameter): Name = "Kieu_Chan"; Value = ""; VariantName = "[No Variations]"
Add component (AddParameter): Name = "Ma_Hang"; Value = "MH006333"; VariantName = "[No Variations]"
Add component (AddParameter): Name = "So_Chan"; Value = "2"; VariantName = "[No Variations]"
Add component (AddParameter): Name = "Ten_Linh_Kien"; Value = "Tr? 0603 1% 10k"; VariantName = "[No Variations]"
Added Component: Designator=R34(tro smd 0603)
Add component (AddParameter): Name = "Chung_Loai"; Value = "Dán"; VariantName = "[No Variations]"
Add component (AddParameter): Name = "Don_Vi"; Value = "Con"; VariantName = "[No Variations]"
Add component (AddParameter): Name = "Kieu_Chan"; Value = ""; VariantName = "[No Variations]"
Add component (AddParameter): Name = "Ma_Hang"; Value = "MH006333"; VariantName = "[No Variations]"
Add component (AddParameter): Name = "So_Chan"; Value = "2"; VariantName = "[No Variations]"
Add component (AddParameter): Name = "Ten_Linh_Kien"; Value = "Tr? 0603 1% 10k"; VariantName = "[No Variations]"
Added Component: Designator=R35(tro smd 0603)
Add component (AddParameter): Name = "Chung_Loai"; Value = "Dán"; VariantName = "[No Variations]"
Add component (AddParameter): Name = "Don_Vi"; Value = "Con"; VariantName = "[No Variations]"
Add component (AddParameter): Name = "Kieu_Chan"; Value = ""; VariantName = "[No Variations]"
Add component (AddParameter): Name = "Ma_Hang"; Value = "MH006333"; VariantName = "[No Variations]"
Add component (AddParameter): Name = "So_Chan"; Value = "2"; VariantName = "[No Variations]"
Add component (AddParameter): Name = "Ten_Linh_Kien"; Value = "Tr? 0603 1% 10k"; VariantName = "[No Variations]"
Added Component: Designator=R36(tro smd 0603)
Add component (AddParameter): Name = "Chung_Loai"; Value = "Dán"; VariantName = "[No Variations]"
Add component (AddParameter): Name = "Don_Vi"; Value = "Con"; VariantName = "[No Variations]"
Add component (AddParameter): Name = "Kieu_Chan"; Value = ""; VariantName = "[No Variations]"
Add component (AddParameter): Name = "Ma_Hang"; Value = "MH006333"; VariantName = "[No Variations]"
Add component (AddParameter): Name = "So_Chan"; Value = "2"; VariantName = "[No Variations]"
Add component (AddParameter): Name = "Ten_Linh_Kien"; Value = "Tr? 0603 1% 10k"; VariantName = "[No Variations]"
Added Component: Designator=R37(tro smd 0603)
Add component (AddParameter): Name = "Chung_Loai"; Value = "Dán"; VariantName = "[No Variations]"
Add component (AddParameter): Name = "Don_Vi"; Value = "Con"; VariantName = "[No Variations]"
Add component (AddParameter): Name = "Kieu_Chan"; Value = ""; VariantName = "[No Variations]"
Add component (AddParameter): Name = "Ma_Hang"; Value = "MH006333"; VariantName = "[No Variations]"
Add component (AddParameter): Name = "So_Chan"; Value = "2"; VariantName = "[No Variations]"
Add component (AddParameter): Name = "Ten_Linh_Kien"; Value = "Tr? 0603 1% 10k"; VariantName = "[No Variations]"
Added Component: Designator=R38(tro smd 0603)
Add component (AddParameter): Name = "Chung_Loai"; Value = "Dán"; VariantName = "[No Variations]"
Add component (AddParameter): Name = "Don_Vi"; Value = "Con"; VariantName = "[No Variations]"
Add component (AddParameter): Name = "Kieu_Chan"; Value = ""; VariantName = "[No Variations]"
Add component (AddParameter): Name = "Ma_Hang"; Value = "MH006333"; VariantName = "[No Variations]"
Add component (AddParameter): Name = "So_Chan"; Value = "2"; VariantName = "[No Variations]"
Add component (AddParameter): Name = "Ten_Linh_Kien"; Value = "Tr? 0603 1% 10k"; VariantName = "[No Variations]"
Added Component: Designator=R39(tro smd 0603)
Add component (AddParameter): Name = "Chung_Loai"; Value = "Dán"; VariantName = "[No Variations]"
Add component (AddParameter): Name = "Don_Vi"; Value = "Con"; VariantName = "[No Variations]"
Add component (AddParameter): Name = "Kieu_Chan"; Value = ""; VariantName = "[No Variations]"
Add component (AddParameter): Name = "Ma_Hang"; Value = "MH006333"; VariantName = "[No Variations]"
Add component (AddParameter): Name = "So_Chan"; Value = "2"; VariantName = "[No Variations]"
Add component (AddParameter): Name = "Ten_Linh_Kien"; Value = "Tr? 0603 1% 10k"; VariantName = "[No Variations]"
Added Component: Designator=R40(tro smd 0603)
Add component (AddParameter): Name = "Chung_Loai"; Value = "Dán"; VariantName = "[No Variations]"
Add component (AddParameter): Name = "Don_Vi"; Value = "Con"; VariantName = "[No Variations]"
Add component (AddParameter): Name = "Kieu_Chan"; Value = ""; VariantName = "[No Variations]"
Add component (AddParameter): Name = "Ma_Hang"; Value = "MH006333"; VariantName = "[No Variations]"
Add component (AddParameter): Name = "So_Chan"; Value = "2"; VariantName = "[No Variations]"
Add component (AddParameter): Name = "Ten_Linh_Kien"; Value = "Tr? 0603 1% 10k"; VariantName = "[No Variations]"
Added Component: Designator=R41(tro smd 0603)
Add component (AddParameter): Name = "Chung_Loai"; Value = "Dán"; VariantName = "[No Variations]"
Add component (AddParameter): Name = "Don_Vi"; Value = "Con"; VariantName = "[No Variations]"
Add component (AddParameter): Name = "Kieu_Chan"; Value = ""; VariantName = "[No Variations]"
Add component (AddParameter): Name = "Ma_Hang"; Value = "MH006333"; VariantName = "[No Variations]"
Add component (AddParameter): Name = "So_Chan"; Value = "2"; VariantName = "[No Variations]"
Add component (AddParameter): Name = "Ten_Linh_Kien"; Value = "Tr? 0603 1% 10k"; VariantName = "[No Variations]"
Added Component: Designator=R42(tro smd 0603)
Add component (AddParameter): Name = "Chung_Loai"; Value = "Dán"; VariantName = "[No Variations]"
Add component (AddParameter): Name = "Don_Vi"; Value = "Con"; VariantName = "[No Variations]"
Add component (AddParameter): Name = "Kieu_Chan"; Value = ""; VariantName = "[No Variations]"
Add component (AddParameter): Name = "Ma_Hang"; Value = "MH006333"; VariantName = "[No Variations]"
Add component (AddParameter): Name = "So_Chan"; Value = "2"; VariantName = "[No Variations]"
Add component (AddParameter): Name = "Ten_Linh_Kien"; Value = "Tr? 0603 1% 10k"; VariantName = "[No Variations]"
Added Component: Designator=R43(tro smd 0603)
Add component (AddParameter): Name = "Chung_Loai"; Value = "Dán"; VariantName = "[No Variations]"
Add component (AddParameter): Name = "Don_Vi"; Value = "Con"; VariantName = "[No Variations]"
Add component (AddParameter): Name = "Kieu_Chan"; Value = ""; VariantName = "[No Variations]"
Add component (AddParameter): Name = "Ma_Hang"; Value = "MH006333"; VariantName = "[No Variations]"
Add component (AddParameter): Name = "So_Chan"; Value = "2"; VariantName = "[No Variations]"
Add component (AddParameter): Name = "Ten_Linh_Kien"; Value = "Tr? 0603 1% 10k"; VariantName = "[No Variations]"
Added Component: Designator=R44(tro smd 0603)
Add component (AddParameter): Name = "Chung_Loai"; Value = "Dán"; VariantName = "[No Variations]"
Add component (AddParameter): Name = "Don_Vi"; Value = "Con"; VariantName = "[No Variations]"
Add component (AddParameter): Name = "Kieu_Chan"; Value = ""; VariantName = "[No Variations]"
Add component (AddParameter): Name = "Ma_Hang"; Value = "MH006333"; VariantName = "[No Variations]"
Add component (AddParameter): Name = "So_Chan"; Value = "2"; VariantName = "[No Variations]"
Add component (AddParameter): Name = "Ten_Linh_Kien"; Value = "Tr? 0603 1% 10k"; VariantName = "[No Variations]"
Added Component: Designator=R45(tro smd 0603)
Add component (AddParameter): Name = "Chung_Loai"; Value = "Dán"; VariantName = "[No Variations]"
Add component (AddParameter): Name = "Don_Vi"; Value = "Con"; VariantName = "[No Variations]"
Add component (AddParameter): Name = "Kieu_Chan"; Value = ""; VariantName = "[No Variations]"
Add component (AddParameter): Name = "Ma_Hang"; Value = "MH006333"; VariantName = "[No Variations]"
Add component (AddParameter): Name = "So_Chan"; Value = "2"; VariantName = "[No Variations]"
Add component (AddParameter): Name = "Ten_Linh_Kien"; Value = "Tr? 0603 1% 10k"; VariantName = "[No Variations]"
Added Component: Designator=R46(tro smd 0603)
Add component (AddParameter): Name = "Chung_Loai"; Value = "Dán"; VariantName = "[No Variations]"
Add component (AddParameter): Name = "Don_Vi"; Value = "Con"; VariantName = "[No Variations]"
Add component (AddParameter): Name = "Kieu_Chan"; Value = ""; VariantName = "[No Variations]"
Add component (AddParameter): Name = "Ma_Hang"; Value = "MH006333"; VariantName = "[No Variations]"
Add component (AddParameter): Name = "So_Chan"; Value = "2"; VariantName = "[No Variations]"
Add component (AddParameter): Name = "Ten_Linh_Kien"; Value = "Tr? 0603 1% 10k"; VariantName = "[No Variations]"
Added Component: Designator=R47(tro smd 0603)
Add component (AddParameter): Name = "Chung_Loai"; Value = "Dán"; VariantName = "[No Variations]"
Add component (AddParameter): Name = "Don_Vi"; Value = "Con"; VariantName = "[No Variations]"
Add component (AddParameter): Name = "Kieu_Chan"; Value = ""; VariantName = "[No Variations]"
Add component (AddParameter): Name = "Ma_Hang"; Value = "MH006333"; VariantName = "[No Variations]"
Add component (AddParameter): Name = "So_Chan"; Value = "2"; VariantName = "[No Variations]"
Add component (AddParameter): Name = "Ten_Linh_Kien"; Value = "Tr? 0603 1% 10k"; VariantName = "[No Variations]"
Added Component: Designator=R48(tro smd 0603)
Add component (AddParameter): Name = "Chung_Loai"; Value = "Dán"; VariantName = "[No Variations]"
Add component (AddParameter): Name = "Don_Vi"; Value = "Con"; VariantName = "[No Variations]"
Add component (AddParameter): Name = "Kieu_Chan"; Value = ""; VariantName = "[No Variations]"
Add component (AddParameter): Name = "Ma_Hang"; Value = "MH006333"; VariantName = "[No Variations]"
Add component (AddParameter): Name = "So_Chan"; Value = "2"; VariantName = "[No Variations]"
Add component (AddParameter): Name = "Ten_Linh_Kien"; Value = "Tr? 0603 1% 10k"; VariantName = "[No Variations]"
Added Component: Designator=R49(tro smd 0603)
Add component (AddParameter): Name = "Chung_Loai"; Value = "Dán"; VariantName = "[No Variations]"
Add component (AddParameter): Name = "Don_Vi"; Value = "Con"; VariantName = "[No Variations]"
Add component (AddParameter): Name = "Kieu_Chan"; Value = ""; VariantName = "[No Variations]"
Add component (AddParameter): Name = "Ma_Hang"; Value = "MH006333"; VariantName = "[No Variations]"
Add component (AddParameter): Name = "So_Chan"; Value = "2"; VariantName = "[No Variations]"
Add component (AddParameter): Name = "Ten_Linh_Kien"; Value = "Tr? 0603 1% 10k"; VariantName = "[No Variations]"
Added Component: Designator=R50(tro smd 0603)
Add component (AddParameter): Name = "Chung_Loai"; Value = "Dán"; VariantName = "[No Variations]"
Add component (AddParameter): Name = "Don_Vi"; Value = "Con"; VariantName = "[No Variations]"
Add component (AddParameter): Name = "Kieu_Chan"; Value = ""; VariantName = "[No Variations]"
Add component (AddParameter): Name = "Ma_Hang"; Value = "MH006333"; VariantName = "[No Variations]"
Add component (AddParameter): Name = "So_Chan"; Value = "2"; VariantName = "[No Variations]"
Add component (AddParameter): Name = "Ten_Linh_Kien"; Value = "Tr? 0603 1% 10k"; VariantName = "[No Variations]"
Added Component: Designator=R51(tro smd 0603)
Add component (AddParameter): Name = "Chung_Loai"; Value = "Dán"; VariantName = "[No Variations]"
Add component (AddParameter): Name = "Don_Vi"; Value = "Con"; VariantName = "[No Variations]"
Add component (AddParameter): Name = "Kieu_Chan"; Value = ""; VariantName = "[No Variations]"
Add component (AddParameter): Name = "Ma_Hang"; Value = "MH006333"; VariantName = "[No Variations]"
Add component (AddParameter): Name = "So_Chan"; Value = "2"; VariantName = "[No Variations]"
Add component (AddParameter): Name = "Ten_Linh_Kien"; Value = "Tr? 0603 1% 10k"; VariantName = "[No Variations]"
Added Component: Designator=R52(tro smd 0603)
Add component (AddParameter): Name = "Chung_Loai"; Value = "Dán"; VariantName = "[No Variations]"
Add component (AddParameter): Name = "Don_Vi"; Value = "Con"; VariantName = "[No Variations]"
Add component (AddParameter): Name = "Kieu_Chan"; Value = ""; VariantName = "[No Variations]"
Add component (AddParameter): Name = "Ma_Hang"; Value = "MH006333"; VariantName = "[No Variations]"
Add component (AddParameter): Name = "So_Chan"; Value = "2"; VariantName = "[No Variations]"
Add component (AddParameter): Name = "Ten_Linh_Kien"; Value = "Tr? 0603 1% 10k"; VariantName = "[No Variations]"
Added Component: Designator=R53(tro smd 0603)
Add component (AddParameter): Name = "Chung_Loai"; Value = "Dán"; VariantName = "[No Variations]"
Add component (AddParameter): Name = "Don_Vi"; Value = "Con"; VariantName = "[No Variations]"
Add component (AddParameter): Name = "Kieu_Chan"; Value = ""; VariantName = "[No Variations]"
Add component (AddParameter): Name = "Ma_Hang"; Value = "MH006333"; VariantName = "[No Variations]"
Add component (AddParameter): Name = "So_Chan"; Value = "2"; VariantName = "[No Variations]"
Add component (AddParameter): Name = "Ten_Linh_Kien"; Value = "Tr? 0603 1% 10k"; VariantName = "[No Variations]"
Added Component: Designator=R54(tro smd 0603)
Add component (AddParameter): Name = "Chung_Loai"; Value = "Dán"; VariantName = "[No Variations]"
Add component (AddParameter): Name = "Don_Vi"; Value = "Con"; VariantName = "[No Variations]"
Add component (AddParameter): Name = "Kieu_Chan"; Value = ""; VariantName = "[No Variations]"
Add component (AddParameter): Name = "Ma_Hang"; Value = "MH006333"; VariantName = "[No Variations]"
Add component (AddParameter): Name = "So_Chan"; Value = "2"; VariantName = "[No Variations]"
Add component (AddParameter): Name = "Ten_Linh_Kien"; Value = "Tr? 0603 1% 10k"; VariantName = "[No Variations]"
Added Component: Designator=R55(tro smd 0603)
Add component (AddParameter): Name = "Chung_Loai"; Value = "Dán"; VariantName = "[No Variations]"
Add component (AddParameter): Name = "Don_Vi"; Value = "Con"; VariantName = "[No Variations]"
Add component (AddParameter): Name = "Kieu_Chan"; Value = ""; VariantName = "[No Variations]"
Add component (AddParameter): Name = "Ma_Hang"; Value = "MH006333"; VariantName = "[No Variations]"
Add component (AddParameter): Name = "So_Chan"; Value = "2"; VariantName = "[No Variations]"
Add component (AddParameter): Name = "Ten_Linh_Kien"; Value = "Tr? 0603 1% 10k"; VariantName = "[No Variations]"
Added Component: Designator=R56(tro smd 0603)
Add component (AddParameter): Name = "Chung_Loai"; Value = "Dán"; VariantName = "[No Variations]"
Add component (AddParameter): Name = "Don_Vi"; Value = "Con"; VariantName = "[No Variations]"
Add component (AddParameter): Name = "Kieu_Chan"; Value = ""; VariantName = "[No Variations]"
Add component (AddParameter): Name = "Ma_Hang"; Value = "MH006333"; VariantName = "[No Variations]"
Add component (AddParameter): Name = "So_Chan"; Value = "2"; VariantName = "[No Variations]"
Add component (AddParameter): Name = "Ten_Linh_Kien"; Value = "Tr? 0603 1% 10k"; VariantName = "[No Variations]"
Added Component: Designator=R57(tro smd 0603)
Add component (AddParameter): Name = "Chung_Loai"; Value = "Dán"; VariantName = "[No Variations]"
Add component (AddParameter): Name = "Don_Vi"; Value = "Con"; VariantName = "[No Variations]"
Add component (AddParameter): Name = "Kieu_Chan"; Value = ""; VariantName = "[No Variations]"
Add component (AddParameter): Name = "Ma_Hang"; Value = "MH006333"; VariantName = "[No Variations]"
Add component (AddParameter): Name = "So_Chan"; Value = "2"; VariantName = "[No Variations]"
Add component (AddParameter): Name = "Ten_Linh_Kien"; Value = "Tr? 0603 1% 10k"; VariantName = "[No Variations]"
Added Component: Designator=R58(tro smd 0603)
Add component (AddParameter): Name = "Chung_Loai"; Value = "Dán"; VariantName = "[No Variations]"
Add component (AddParameter): Name = "Don_Vi"; Value = "Con"; VariantName = "[No Variations]"
Add component (AddParameter): Name = "Kieu_Chan"; Value = ""; VariantName = "[No Variations]"
Add component (AddParameter): Name = "Ma_Hang"; Value = "MH006333"; VariantName = "[No Variations]"
Add component (AddParameter): Name = "So_Chan"; Value = "2"; VariantName = "[No Variations]"
Add component (AddParameter): Name = "Ten_Linh_Kien"; Value = "Tr? 0603 1% 10k"; VariantName = "[No Variations]"
Added Component: Designator=R59(tro smd 0603)
Add component (AddParameter): Name = "Chung_Loai"; Value = "Dán"; VariantName = "[No Variations]"
Add component (AddParameter): Name = "Don_Vi"; Value = "Con"; VariantName = "[No Variations]"
Add component (AddParameter): Name = "Kieu_Chan"; Value = ""; VariantName = "[No Variations]"
Add component (AddParameter): Name = "Ma_Hang"; Value = "MH006333"; VariantName = "[No Variations]"
Add component (AddParameter): Name = "So_Chan"; Value = "2"; VariantName = "[No Variations]"
Add component (AddParameter): Name = "Ten_Linh_Kien"; Value = "Tr? 0603 1% 10k"; VariantName = "[No Variations]"
Added Component: Designator=R60(tro smd 0603)
Add component (AddParameter): Name = "Chung_Loai"; Value = "Dán"; VariantName = "[No Variations]"
Add component (AddParameter): Name = "Don_Vi"; Value = "Con"; VariantName = "[No Variations]"
Add component (AddParameter): Name = "Kieu_Chan"; Value = ""; VariantName = "[No Variations]"
Add component (AddParameter): Name = "Ma_Hang"; Value = "MH006333"; VariantName = "[No Variations]"
Add component (AddParameter): Name = "So_Chan"; Value = "2"; VariantName = "[No Variations]"
Add component (AddParameter): Name = "Ten_Linh_Kien"; Value = "Tr? 0603 1% 10k"; VariantName = "[No Variations]"
Added Component: Designator=R61(tro smd 0603)
Add component (AddParameter): Name = "Chung_Loai"; Value = "Dán"; VariantName = "[No Variations]"
Add component (AddParameter): Name = "Don_Vi"; Value = "Con"; VariantName = "[No Variations]"
Add component (AddParameter): Name = "Kieu_Chan"; Value = ""; VariantName = "[No Variations]"
Add component (AddParameter): Name = "Ma_Hang"; Value = "MH006333"; VariantName = "[No Variations]"
Add component (AddParameter): Name = "So_Chan"; Value = "2"; VariantName = "[No Variations]"
Add component (AddParameter): Name = "Ten_Linh_Kien"; Value = "Tr? 0603 1% 10k"; VariantName = "[No Variations]"
Added Component: Designator=R62(tro smd 0603)
Add component (AddParameter): Name = "Chung_Loai"; Value = "Dán"; VariantName = "[No Variations]"
Add component (AddParameter): Name = "Don_Vi"; Value = "Con"; VariantName = "[No Variations]"
Add component (AddParameter): Name = "Kieu_Chan"; Value = ""; VariantName = "[No Variations]"
Add component (AddParameter): Name = "Ma_Hang"; Value = "MH006333"; VariantName = "[No Variations]"
Add component (AddParameter): Name = "So_Chan"; Value = "2"; VariantName = "[No Variations]"
Add component (AddParameter): Name = "Ten_Linh_Kien"; Value = "Tr? 0603 1% 10k"; VariantName = "[No Variations]"
Added Component: Designator=R63(tro smd 0603)
Add component (AddParameter): Name = "Chung_Loai"; Value = "Dán"; VariantName = "[No Variations]"
Add component (AddParameter): Name = "Don_Vi"; Value = "Con"; VariantName = "[No Variations]"
Add component (AddParameter): Name = "Kieu_Chan"; Value = ""; VariantName = "[No Variations]"
Add component (AddParameter): Name = "Ma_Hang"; Value = "MH006333"; VariantName = "[No Variations]"
Add component (AddParameter): Name = "So_Chan"; Value = "2"; VariantName = "[No Variations]"
Add component (AddParameter): Name = "Ten_Linh_Kien"; Value = "Tr? 0603 1% 10k"; VariantName = "[No Variations]"
Added Component: Designator=R64(tro smd 0603)
Add component (AddParameter): Name = "Chung_Loai"; Value = "Dán"; VariantName = "[No Variations]"
Add component (AddParameter): Name = "Don_Vi"; Value = "Con"; VariantName = "[No Variations]"
Add component (AddParameter): Name = "Kieu_Chan"; Value = ""; VariantName = "[No Variations]"
Add component (AddParameter): Name = "Ma_Hang"; Value = "MH006333"; VariantName = "[No Variations]"
Add component (AddParameter): Name = "So_Chan"; Value = "2"; VariantName = "[No Variations]"
Add component (AddParameter): Name = "Ten_Linh_Kien"; Value = "Tr? 0603 1% 10k"; VariantName = "[No Variations]"
Added Component: Designator=R65(tro smd 0603)
Add component (AddParameter): Name = "Chung_Loai"; Value = "Dán"; VariantName = "[No Variations]"
Add component (AddParameter): Name = "Don_Vi"; Value = "Con"; VariantName = "[No Variations]"
Add component (AddParameter): Name = "Kieu_Chan"; Value = ""; VariantName = "[No Variations]"
Add component (AddParameter): Name = "Ma_Hang"; Value = "MH006333"; VariantName = "[No Variations]"
Add component (AddParameter): Name = "So_Chan"; Value = "2"; VariantName = "[No Variations]"
Add component (AddParameter): Name = "Ten_Linh_Kien"; Value = "Tr? 0603 1% 10k"; VariantName = "[No Variations]"
Added Component: Designator=R66(tro smd 0603)
Add component (AddParameter): Name = "Chung_Loai"; Value = "Dán"; VariantName = "[No Variations]"
Add component (AddParameter): Name = "Don_Vi"; Value = "Con"; VariantName = "[No Variations]"
Add component (AddParameter): Name = "Kieu_Chan"; Value = ""; VariantName = "[No Variations]"
Add component (AddParameter): Name = "Ma_Hang"; Value = "MH006333"; VariantName = "[No Variations]"
Add component (AddParameter): Name = "So_Chan"; Value = "2"; VariantName = "[No Variations]"
Add component (AddParameter): Name = "Ten_Linh_Kien"; Value = "Tr? 0603 1% 10k"; VariantName = "[No Variations]"
Added Component: Designator=R67(tro smd 0603)
Add component (AddParameter): Name = "Chung_Loai"; Value = "Dán"; VariantName = "[No Variations]"
Add component (AddParameter): Name = "Don_Vi"; Value = "Con"; VariantName = "[No Variations]"
Add component (AddParameter): Name = "Kieu_Chan"; Value = ""; VariantName = "[No Variations]"
Add component (AddParameter): Name = "Ma_Hang"; Value = "MH006333"; VariantName = "[No Variations]"
Add component (AddParameter): Name = "So_Chan"; Value = "2"; VariantName = "[No Variations]"
Add component (AddParameter): Name = "Ten_Linh_Kien"; Value = "Tr? 0603 1% 10k"; VariantName = "[No Variations]"
Added Component: Designator=R68(tro smd 0603)
Add component (AddParameter): Name = "Chung_Loai"; Value = "Dán"; VariantName = "[No Variations]"
Add component (AddParameter): Name = "Don_Vi"; Value = "Con"; VariantName = "[No Variations]"
Add component (AddParameter): Name = "Kieu_Chan"; Value = ""; VariantName = "[No Variations]"
Add component (AddParameter): Name = "Ma_Hang"; Value = "MH006333"; VariantName = "[No Variations]"
Add component (AddParameter): Name = "So_Chan"; Value = "2"; VariantName = "[No Variations]"
Add component (AddParameter): Name = "Ten_Linh_Kien"; Value = "Tr? 0603 1% 10k"; VariantName = "[No Variations]"
Added Component: Designator=R69(tro smd 0603)
Add component (AddParameter): Name = "Chung_Loai"; Value = "Dán"; VariantName = "[No Variations]"
Add component (AddParameter): Name = "Don_Vi"; Value = "Con"; VariantName = "[No Variations]"
Add component (AddParameter): Name = "Kieu_Chan"; Value = ""; VariantName = "[No Variations]"
Add component (AddParameter): Name = "Ma_Hang"; Value = "MH006333"; VariantName = "[No Variations]"
Add component (AddParameter): Name = "So_Chan"; Value = "2"; VariantName = "[No Variations]"
Add component (AddParameter): Name = "Ten_Linh_Kien"; Value = "Tr? 0603 1% 10k"; VariantName = "[No Variations]"
Added Component: Designator=R70(tro smd 0603)
Add component (AddParameter): Name = "Chung_Loai"; Value = "Dán"; VariantName = "[No Variations]"
Add component (AddParameter): Name = "Don_Vi"; Value = "Con"; VariantName = "[No Variations]"
Add component (AddParameter): Name = "Kieu_Chan"; Value = ""; VariantName = "[No Variations]"
Add component (AddParameter): Name = "Ma_Hang"; Value = "MH006333"; VariantName = "[No Variations]"
Add component (AddParameter): Name = "So_Chan"; Value = "2"; VariantName = "[No Variations]"
Add component (AddParameter): Name = "Ten_Linh_Kien"; Value = "Tr? 0603 1% 10k"; VariantName = "[No Variations]"
Added Component: Designator=R71(tro smd 0603)
Add component (AddParameter): Name = "Chung_Loai"; Value = "Dán"; VariantName = "[No Variations]"
Add component (AddParameter): Name = "Don_Vi"; Value = "Con"; VariantName = "[No Variations]"
Add component (AddParameter): Name = "Kieu_Chan"; Value = ""; VariantName = "[No Variations]"
Add component (AddParameter): Name = "Ma_Hang"; Value = "MH006333"; VariantName = "[No Variations]"
Add component (AddParameter): Name = "So_Chan"; Value = "2"; VariantName = "[No Variations]"
Add component (AddParameter): Name = "Ten_Linh_Kien"; Value = "Tr? 0603 1% 10k"; VariantName = "[No Variations]"
Added Component: Designator=R72(tro smd 0603)
Add component (AddParameter): Name = "Chung_Loai"; Value = "Dán"; VariantName = "[No Variations]"
Add component (AddParameter): Name = "Don_Vi"; Value = "Con"; VariantName = "[No Variations]"
Add component (AddParameter): Name = "Kieu_Chan"; Value = ""; VariantName = "[No Variations]"
Add component (AddParameter): Name = "Ma_Hang"; Value = "MH006333"; VariantName = "[No Variations]"
Add component (AddParameter): Name = "So_Chan"; Value = "2"; VariantName = "[No Variations]"
Add component (AddParameter): Name = "Ten_Linh_Kien"; Value = "Tr? 0603 1% 10k"; VariantName = "[No Variations]"
Added Component: Designator=R73(tro smd 0603)
Add component (AddParameter): Name = "Chung_Loai"; Value = "Dán"; VariantName = "[No Variations]"
Add component (AddParameter): Name = "Don_Vi"; Value = "Con"; VariantName = "[No Variations]"
Add component (AddParameter): Name = "Kieu_Chan"; Value = ""; VariantName = "[No Variations]"
Add component (AddParameter): Name = "Ma_Hang"; Value = "MH006333"; VariantName = "[No Variations]"
Add component (AddParameter): Name = "So_Chan"; Value = "2"; VariantName = "[No Variations]"
Add component (AddParameter): Name = "Ten_Linh_Kien"; Value = "Tr? 0603 1% 10k"; VariantName = "[No Variations]"
Added Component: Designator=R74(tro smd 0603)
Add component (AddParameter): Name = "Chung_Loai"; Value = "Dán"; VariantName = "[No Variations]"
Add component (AddParameter): Name = "Don_Vi"; Value = "Con"; VariantName = "[No Variations]"
Add component (AddParameter): Name = "Kieu_Chan"; Value = ""; VariantName = "[No Variations]"
Add component (AddParameter): Name = "Ma_Hang"; Value = "MH006333"; VariantName = "[No Variations]"
Add component (AddParameter): Name = "So_Chan"; Value = "2"; VariantName = "[No Variations]"
Add component (AddParameter): Name = "Ten_Linh_Kien"; Value = "Tr? 0603 1% 10k"; VariantName = "[No Variations]"
Added Component: Designator=R75(tro smd 0603)
Add component (AddParameter): Name = "Chung_Loai"; Value = "Dán"; VariantName = "[No Variations]"
Add component (AddParameter): Name = "Don_Vi"; Value = "Con"; VariantName = "[No Variations]"
Add component (AddParameter): Name = "Kieu_Chan"; Value = ""; VariantName = "[No Variations]"
Add component (AddParameter): Name = "Ma_Hang"; Value = "MH006333"; VariantName = "[No Variations]"
Add component (AddParameter): Name = "So_Chan"; Value = "2"; VariantName = "[No Variations]"
Add component (AddParameter): Name = "Ten_Linh_Kien"; Value = "Tr? 0603 1% 10k"; VariantName = "[No Variations]"
Added Component: Designator=R76(tro smd 0603)
Add component (AddParameter): Name = "Chung_Loai"; Value = "Dán"; VariantName = "[No Variations]"
Add component (AddParameter): Name = "Don_Vi"; Value = "Con"; VariantName = "[No Variations]"
Add component (AddParameter): Name = "Kieu_Chan"; Value = ""; VariantName = "[No Variations]"
Add component (AddParameter): Name = "Ma_Hang"; Value = "MH006333"; VariantName = "[No Variations]"
Add component (AddParameter): Name = "So_Chan"; Value = "2"; VariantName = "[No Variations]"
Add component (AddParameter): Name = "Ten_Linh_Kien"; Value = "Tr? 0603 1% 10k"; VariantName = "[No Variations]"
Added Component: Designator=R77(tro smd 0603)
Add component (AddParameter): Name = "Chung_Loai"; Value = "Dán"; VariantName = "[No Variations]"
Add component (AddParameter): Name = "Don_Vi"; Value = "Con"; VariantName = "[No Variations]"
Add component (AddParameter): Name = "Kieu_Chan"; Value = ""; VariantName = "[No Variations]"
Add component (AddParameter): Name = "Ma_Hang"; Value = "MH006333"; VariantName = "[No Variations]"
Add component (AddParameter): Name = "So_Chan"; Value = "2"; VariantName = "[No Variations]"
Add component (AddParameter): Name = "Ten_Linh_Kien"; Value = "Tr? 0603 1% 10k"; VariantName = "[No Variations]"
Added Component: Designator=R78(tro smd 0603)
Add component (AddParameter): Name = "Chung_Loai"; Value = "Dán"; VariantName = "[No Variations]"
Add component (AddParameter): Name = "Don_Vi"; Value = "Con"; VariantName = "[No Variations]"
Add component (AddParameter): Name = "Kieu_Chan"; Value = ""; VariantName = "[No Variations]"
Add component (AddParameter): Name = "Ma_Hang"; Value = "MH006333"; VariantName = "[No Variations]"
Add component (AddParameter): Name = "So_Chan"; Value = "2"; VariantName = "[No Variations]"
Add component (AddParameter): Name = "Ten_Linh_Kien"; Value = "Tr? 0603 1% 10k"; VariantName = "[No Variations]"
Added Component: Designator=R79(tro smd 0603)
Add component (AddParameter): Name = "Chung_Loai"; Value = "Dán"; VariantName = "[No Variations]"
Add component (AddParameter): Name = "Don_Vi"; Value = "Con"; VariantName = "[No Variations]"
Add component (AddParameter): Name = "Kieu_Chan"; Value = ""; VariantName = "[No Variations]"
Add component (AddParameter): Name = "Ma_Hang"; Value = "MH006333"; VariantName = "[No Variations]"
Add component (AddParameter): Name = "So_Chan"; Value = "2"; VariantName = "[No Variations]"
Add component (AddParameter): Name = "Ten_Linh_Kien"; Value = "Tr? 0603 1% 10k"; VariantName = "[No Variations]"
Added Component: Designator=R80(tro smd 0603)
Add component (AddParameter): Name = "Chung_Loai"; Value = "Dán"; VariantName = "[No Variations]"
Add component (AddParameter): Name = "Don_Vi"; Value = "Con"; VariantName = "[No Variations]"
Add component (AddParameter): Name = "Kieu_Chan"; Value = ""; VariantName = "[No Variations]"
Add component (AddParameter): Name = "Ma_Hang"; Value = "MH006333"; VariantName = "[No Variations]"
Add component (AddParameter): Name = "So_Chan"; Value = "2"; VariantName = "[No Variations]"
Add component (AddParameter): Name = "Ten_Linh_Kien"; Value = "Tr? 0603 1% 10k"; VariantName = "[No Variations]"
Added Component: Designator=R81(tro smd 0603)
Add component (AddParameter): Name = "Chung_Loai"; Value = "Dán"; VariantName = "[No Variations]"
Add component (AddParameter): Name = "Don_Vi"; Value = "Con"; VariantName = "[No Variations]"
Add component (AddParameter): Name = "Kieu_Chan"; Value = ""; VariantName = "[No Variations]"
Add component (AddParameter): Name = "Ma_Hang"; Value = "MH006333"; VariantName = "[No Variations]"
Add component (AddParameter): Name = "So_Chan"; Value = "2"; VariantName = "[No Variations]"
Add component (AddParameter): Name = "Ten_Linh_Kien"; Value = "Tr? 0603 1% 10k"; VariantName = "[No Variations]"
Added Component: Designator=R82(tro smd 0603)
Add component (AddParameter): Name = "Chung_Loai"; Value = "Dán"; VariantName = "[No Variations]"
Add component (AddParameter): Name = "Don_Vi"; Value = "Con"; VariantName = "[No Variations]"
Add component (AddParameter): Name = "Kieu_Chan"; Value = ""; VariantName = "[No Variations]"
Add component (AddParameter): Name = "Ma_Hang"; Value = "MH006333"; VariantName = "[No Variations]"
Add component (AddParameter): Name = "So_Chan"; Value = "2"; VariantName = "[No Variations]"
Add component (AddParameter): Name = "Ten_Linh_Kien"; Value = "Tr? 0603 1% 10k"; VariantName = "[No Variations]"
Added Component: Designator=R83(tro smd 0603)
Add component (AddParameter): Name = "Chung_Loai"; Value = "Dán"; VariantName = "[No Variations]"
Add component (AddParameter): Name = "Don_Vi"; Value = "Con"; VariantName = "[No Variations]"
Add component (AddParameter): Name = "Kieu_Chan"; Value = ""; VariantName = "[No Variations]"
Add component (AddParameter): Name = "Ma_Hang"; Value = "MH006333"; VariantName = "[No Variations]"
Add component (AddParameter): Name = "So_Chan"; Value = "2"; VariantName = "[No Variations]"
Add component (AddParameter): Name = "Ten_Linh_Kien"; Value = "Tr? 0603 1% 10k"; VariantName = "[No Variations]"
Added Component: Designator=R84(tro smd 0603)
Add component (AddParameter): Name = "Chung_Loai"; Value = "Dán"; VariantName = "[No Variations]"
Add component (AddParameter): Name = "Don_Vi"; Value = "Con"; VariantName = "[No Variations]"
Add component (AddParameter): Name = "Kieu_Chan"; Value = ""; VariantName = "[No Variations]"
Add component (AddParameter): Name = "Ma_Hang"; Value = "MH006333"; VariantName = "[No Variations]"
Add component (AddParameter): Name = "So_Chan"; Value = "2"; VariantName = "[No Variations]"
Add component (AddParameter): Name = "Ten_Linh_Kien"; Value = "Tr? 0603 1% 10k"; VariantName = "[No Variations]"
Added Component: Designator=R85(tro smd 0603)
Add component (AddParameter): Name = "Chung_Loai"; Value = "Dán"; VariantName = "[No Variations]"
Add component (AddParameter): Name = "Don_Vi"; Value = "Con"; VariantName = "[No Variations]"
Add component (AddParameter): Name = "Kieu_Chan"; Value = ""; VariantName = "[No Variations]"
Add component (AddParameter): Name = "Ma_Hang"; Value = "MH006333"; VariantName = "[No Variations]"
Add component (AddParameter): Name = "So_Chan"; Value = "2"; VariantName = "[No Variations]"
Add component (AddParameter): Name = "Ten_Linh_Kien"; Value = "Tr? 0603 1% 10k"; VariantName = "[No Variations]"
Added Component: Designator=R86(tro smd 0603)
Add component (AddParameter): Name = "Chung_Loai"; Value = "Dán"; VariantName = "[No Variations]"
Add component (AddParameter): Name = "Don_Vi"; Value = "Con"; VariantName = "[No Variations]"
Add component (AddParameter): Name = "Kieu_Chan"; Value = ""; VariantName = "[No Variations]"
Add component (AddParameter): Name = "Ma_Hang"; Value = "MH006333"; VariantName = "[No Variations]"
Add component (AddParameter): Name = "So_Chan"; Value = "2"; VariantName = "[No Variations]"
Add component (AddParameter): Name = "Ten_Linh_Kien"; Value = "Tr? 0603 1% 10k"; VariantName = "[No Variations]"
Added Component: Designator=R87(tro smd 0603)
Add component (AddParameter): Name = "Chung_Loai"; Value = "Dán"; VariantName = "[No Variations]"
Add component (AddParameter): Name = "Don_Vi"; Value = "Con"; VariantName = "[No Variations]"
Add component (AddParameter): Name = "Kieu_Chan"; Value = ""; VariantName = "[No Variations]"
Add component (AddParameter): Name = "Ma_Hang"; Value = "MH006333"; VariantName = "[No Variations]"
Add component (AddParameter): Name = "So_Chan"; Value = "2"; VariantName = "[No Variations]"
Add component (AddParameter): Name = "Ten_Linh_Kien"; Value = "Tr? 0603 1% 10k"; VariantName = "[No Variations]"
Added Component: Designator=R88(tro smd 0603)
Add component (AddParameter): Name = "Chung_Loai"; Value = "Dán"; VariantName = "[No Variations]"
Add component (AddParameter): Name = "Don_Vi"; Value = "Con"; VariantName = "[No Variations]"
Add component (AddParameter): Name = "Kieu_Chan"; Value = ""; VariantName = "[No Variations]"
Add component (AddParameter): Name = "Ma_Hang"; Value = "MH006333"; VariantName = "[No Variations]"
Add component (AddParameter): Name = "So_Chan"; Value = "2"; VariantName = "[No Variations]"
Add component (AddParameter): Name = "Ten_Linh_Kien"; Value = "Tr? 0603 1% 10k"; VariantName = "[No Variations]"
Added Component: Designator=R89(tro smd 0603)
Add component (AddParameter): Name = "Chung_Loai"; Value = "Dán"; VariantName = "[No Variations]"
Add component (AddParameter): Name = "Don_Vi"; Value = "Con"; VariantName = "[No Variations]"
Add component (AddParameter): Name = "Kieu_Chan"; Value = ""; VariantName = "[No Variations]"
Add component (AddParameter): Name = "Ma_Hang"; Value = "MH006333"; VariantName = "[No Variations]"
Add component (AddParameter): Name = "So_Chan"; Value = "2"; VariantName = "[No Variations]"
Add component (AddParameter): Name = "Ten_Linh_Kien"; Value = "Tr? 0603 1% 10k"; VariantName = "[No Variations]"
Added Component: Designator=R90(tro smd 0603)
Add component (AddParameter): Name = "Chung_Loai"; Value = "Dán"; VariantName = "[No Variations]"
Add component (AddParameter): Name = "Don_Vi"; Value = "Con"; VariantName = "[No Variations]"
Add component (AddParameter): Name = "Kieu_Chan"; Value = ""; VariantName = "[No Variations]"
Add component (AddParameter): Name = "Ma_Hang"; Value = "MH006333"; VariantName = "[No Variations]"
Add component (AddParameter): Name = "So_Chan"; Value = "2"; VariantName = "[No Variations]"
Add component (AddParameter): Name = "Ten_Linh_Kien"; Value = "Tr? 0603 1% 10k"; VariantName = "[No Variations]"
Added Component: Designator=R91(tro smd 0603)
Add component (AddParameter): Name = "Chung_Loai"; Value = "Dán"; VariantName = "[No Variations]"
Add component (AddParameter): Name = "Don_Vi"; Value = "Con"; VariantName = "[No Variations]"
Add component (AddParameter): Name = "Kieu_Chan"; Value = ""; VariantName = "[No Variations]"
Add component (AddParameter): Name = "Ma_Hang"; Value = "MH006333"; VariantName = "[No Variations]"
Add component (AddParameter): Name = "So_Chan"; Value = "2"; VariantName = "[No Variations]"
Add component (AddParameter): Name = "Ten_Linh_Kien"; Value = "Tr? 0603 1% 10k"; VariantName = "[No Variations]"
Added Component: Designator=R92(tro smd 0603)
Add component (AddParameter): Name = "Chung_Loai"; Value = "Dán"; VariantName = "[No Variations]"
Add component (AddParameter): Name = "Don_Vi"; Value = "Con"; VariantName = "[No Variations]"
Add component (AddParameter): Name = "Kieu_Chan"; Value = ""; VariantName = "[No Variations]"
Add component (AddParameter): Name = "Ma_Hang"; Value = "MH006333"; VariantName = "[No Variations]"
Add component (AddParameter): Name = "So_Chan"; Value = "2"; VariantName = "[No Variations]"
Add component (AddParameter): Name = "Ten_Linh_Kien"; Value = "Tr? 0603 1% 10k"; VariantName = "[No Variations]"
Added Component: Designator=R93(tro smd 0603)
Add component (AddParameter): Name = "Chung_Loai"; Value = "Dán"; VariantName = "[No Variations]"
Add component (AddParameter): Name = "Don_Vi"; Value = "Con"; VariantName = "[No Variations]"
Add component (AddParameter): Name = "Kieu_Chan"; Value = ""; VariantName = "[No Variations]"
Add component (AddParameter): Name = "Ma_Hang"; Value = "MH006333"; VariantName = "[No Variations]"
Add component (AddParameter): Name = "So_Chan"; Value = "2"; VariantName = "[No Variations]"
Add component (AddParameter): Name = "Ten_Linh_Kien"; Value = "Tr? 0603 1% 10k"; VariantName = "[No Variations]"
Added Component: Designator=R94(tro smd 0603)
Add component (AddParameter): Name = "Chung_Loai"; Value = "Dán"; VariantName = "[No Variations]"
Add component (AddParameter): Name = "Don_Vi"; Value = "Con"; VariantName = "[No Variations]"
Add component (AddParameter): Name = "Kieu_Chan"; Value = ""; VariantName = "[No Variations]"
Add component (AddParameter): Name = "Ma_Hang"; Value = "MH006333"; VariantName = "[No Variations]"
Add component (AddParameter): Name = "So_Chan"; Value = "2"; VariantName = "[No Variations]"
Add component (AddParameter): Name = "Ten_Linh_Kien"; Value = "Tr? 0603 1% 10k"; VariantName = "[No Variations]"
Added Component: Designator=R95(tro smd 0603)
Add component (AddParameter): Name = "Chung_Loai"; Value = "Dán"; VariantName = "[No Variations]"
Add component (AddParameter): Name = "Don_Vi"; Value = "Con"; VariantName = "[No Variations]"
Add component (AddParameter): Name = "Kieu_Chan"; Value = ""; VariantName = "[No Variations]"
Add component (AddParameter): Name = "Ma_Hang"; Value = "MH006333"; VariantName = "[No Variations]"
Add component (AddParameter): Name = "So_Chan"; Value = "2"; VariantName = "[No Variations]"
Add component (AddParameter): Name = "Ten_Linh_Kien"; Value = "Tr? 0603 1% 10k"; VariantName = "[No Variations]"
Added Component: Designator=R96(tro smd 0603)
Add component (AddParameter): Name = "Chung_Loai"; Value = "Dán"; VariantName = "[No Variations]"
Add component (AddParameter): Name = "Don_Vi"; Value = "Con"; VariantName = "[No Variations]"
Add component (AddParameter): Name = "Kieu_Chan"; Value = ""; VariantName = "[No Variations]"
Add component (AddParameter): Name = "Ma_Hang"; Value = "MH006333"; VariantName = "[No Variations]"
Add component (AddParameter): Name = "So_Chan"; Value = "2"; VariantName = "[No Variations]"
Add component (AddParameter): Name = "Ten_Linh_Kien"; Value = "Tr? 0603 1% 10k"; VariantName = "[No Variations]"
Added Component: Designator=R97(tro smd 0603)
Add component (AddParameter): Name = "Chung_Loai"; Value = "Dán"; VariantName = "[No Variations]"
Add component (AddParameter): Name = "Don_Vi"; Value = "Con"; VariantName = "[No Variations]"
Add component (AddParameter): Name = "Kieu_Chan"; Value = ""; VariantName = "[No Variations]"
Add component (AddParameter): Name = "Ma_Hang"; Value = "MH006333"; VariantName = "[No Variations]"
Add component (AddParameter): Name = "So_Chan"; Value = "2"; VariantName = "[No Variations]"
Add component (AddParameter): Name = "Ten_Linh_Kien"; Value = "Tr? 0603 1% 10k"; VariantName = "[No Variations]"
Added Component: Designator=R98(tro smd 0603)
Add component (AddParameter): Name = "Chung_Loai"; Value = "Dán"; VariantName = "[No Variations]"
Add component (AddParameter): Name = "Don_Vi"; Value = "Con"; VariantName = "[No Variations]"
Add component (AddParameter): Name = "Kieu_Chan"; Value = ""; VariantName = "[No Variations]"
Add component (AddParameter): Name = "Ma_Hang"; Value = "MH006333"; VariantName = "[No Variations]"
Add component (AddParameter): Name = "So_Chan"; Value = "2"; VariantName = "[No Variations]"
Add component (AddParameter): Name = "Ten_Linh_Kien"; Value = "Tr? 0603 1% 10k"; VariantName = "[No Variations]"
Added Component: Designator=R99(tro smd 0603)
Add component (AddParameter): Name = "Chung_Loai"; Value = "Dán"; VariantName = "[No Variations]"
Add component (AddParameter): Name = "Don_Vi"; Value = "Con"; VariantName = "[No Variations]"
Add component (AddParameter): Name = "Kieu_Chan"; Value = ""; VariantName = "[No Variations]"
Add component (AddParameter): Name = "Ma_Hang"; Value = "MH006333"; VariantName = "[No Variations]"
Add component (AddParameter): Name = "So_Chan"; Value = "2"; VariantName = "[No Variations]"
Add component (AddParameter): Name = "Ten_Linh_Kien"; Value = "Tr? 0603 1% 10k"; VariantName = "[No Variations]"
Added Component: Designator=R100(tro smd 0603)
Add component (AddParameter): Name = "Chung_Loai"; Value = "Dán"; VariantName = "[No Variations]"
Add component (AddParameter): Name = "Don_Vi"; Value = "Con"; VariantName = "[No Variations]"
Add component (AddParameter): Name = "Kieu_Chan"; Value = ""; VariantName = "[No Variations]"
Add component (AddParameter): Name = "Ma_Hang"; Value = "MH006333"; VariantName = "[No Variations]"
Add component (AddParameter): Name = "So_Chan"; Value = "2"; VariantName = "[No Variations]"
Add component (AddParameter): Name = "Ten_Linh_Kien"; Value = "Tr? 0603 1% 10k"; VariantName = "[No Variations]"
Added Component: Designator=R101(tro smd 0603)
Add component (AddParameter): Name = "Chung_Loai"; Value = "Dán"; VariantName = "[No Variations]"
Add component (AddParameter): Name = "Don_Vi"; Value = "Con"; VariantName = "[No Variations]"
Add component (AddParameter): Name = "Kieu_Chan"; Value = ""; VariantName = "[No Variations]"
Add component (AddParameter): Name = "Ma_Hang"; Value = "MH006333"; VariantName = "[No Variations]"
Add component (AddParameter): Name = "So_Chan"; Value = "2"; VariantName = "[No Variations]"
Add component (AddParameter): Name = "Ten_Linh_Kien"; Value = "Tr? 0603 1% 10k"; VariantName = "[No Variations]"
Added Component: Designator=R102(tro smd 0603)
Add component (AddParameter): Name = "Chung_Loai"; Value = "Dán"; VariantName = "[No Variations]"
Add component (AddParameter): Name = "Don_Vi"; Value = "Con"; VariantName = "[No Variations]"
Add component (AddParameter): Name = "Kieu_Chan"; Value = ""; VariantName = "[No Variations]"
Add component (AddParameter): Name = "Ma_Hang"; Value = "MH006333"; VariantName = "[No Variations]"
Add component (AddParameter): Name = "So_Chan"; Value = "2"; VariantName = "[No Variations]"
Add component (AddParameter): Name = "Ten_Linh_Kien"; Value = "Tr? 0603 1% 10k"; VariantName = "[No Variations]"
Added Component: Designator=R103(tro smd 0603)
Add component (AddParameter): Name = "Chung_Loai"; Value = "Dán"; VariantName = "[No Variations]"
Add component (AddParameter): Name = "Don_Vi"; Value = "Con"; VariantName = "[No Variations]"
Add component (AddParameter): Name = "Kieu_Chan"; Value = ""; VariantName = "[No Variations]"
Add component (AddParameter): Name = "Ma_Hang"; Value = "MH006333"; VariantName = "[No Variations]"
Add component (AddParameter): Name = "So_Chan"; Value = "2"; VariantName = "[No Variations]"
Add component (AddParameter): Name = "Ten_Linh_Kien"; Value = "Tr? 0603 1% 10k"; VariantName = "[No Variations]"
Added Component: Designator=R104(tro smd 0603)
Add component (AddParameter): Name = "Chung_Loai"; Value = "Dán"; VariantName = "[No Variations]"
Add component (AddParameter): Name = "Don_Vi"; Value = "Con"; VariantName = "[No Variations]"
Add component (AddParameter): Name = "Kieu_Chan"; Value = ""; VariantName = "[No Variations]"
Add component (AddParameter): Name = "Ma_Hang"; Value = "MH006333"; VariantName = "[No Variations]"
Add component (AddParameter): Name = "So_Chan"; Value = "2"; VariantName = "[No Variations]"
Add component (AddParameter): Name = "Ten_Linh_Kien"; Value = "Tr? 0603 1% 10k"; VariantName = "[No Variations]"
Added Component: Designator=R105(tro smd 0603)
Add component (AddParameter): Name = "Chung_Loai"; Value = "Dán"; VariantName = "[No Variations]"
Add component (AddParameter): Name = "Don_Vi"; Value = "Con"; VariantName = "[No Variations]"
Add component (AddParameter): Name = "Kieu_Chan"; Value = ""; VariantName = "[No Variations]"
Add component (AddParameter): Name = "Ma_Hang"; Value = "MH006333"; VariantName = "[No Variations]"
Add component (AddParameter): Name = "So_Chan"; Value = "2"; VariantName = "[No Variations]"
Add component (AddParameter): Name = "Ten_Linh_Kien"; Value = "Tr? 0603 1% 10k"; VariantName = "[No Variations]"
Added Component: Designator=R106(tro smd 0603)
Add component (AddParameter): Name = "Chung_Loai"; Value = "Dán"; VariantName = "[No Variations]"
Add component (AddParameter): Name = "Don_Vi"; Value = "Con"; VariantName = "[No Variations]"
Add component (AddParameter): Name = "Kieu_Chan"; Value = ""; VariantName = "[No Variations]"
Add component (AddParameter): Name = "Ma_Hang"; Value = "MH006333"; VariantName = "[No Variations]"
Add component (AddParameter): Name = "So_Chan"; Value = "2"; VariantName = "[No Variations]"
Add component (AddParameter): Name = "Ten_Linh_Kien"; Value = "Tr? 0603 1% 10k"; VariantName = "[No Variations]"
Added Component: Designator=R107(tro smd 0603)
Add component (AddParameter): Name = "Chung_Loai"; Value = "Dán"; VariantName = "[No Variations]"
Add component (AddParameter): Name = "Don_Vi"; Value = "Con"; VariantName = "[No Variations]"
Add component (AddParameter): Name = "Kieu_Chan"; Value = ""; VariantName = "[No Variations]"
Add component (AddParameter): Name = "Ma_Hang"; Value = "MH006333"; VariantName = "[No Variations]"
Add component (AddParameter): Name = "So_Chan"; Value = "2"; VariantName = "[No Variations]"
Add component (AddParameter): Name = "Ten_Linh_Kien"; Value = "Tr? 0603 1% 10k"; VariantName = "[No Variations]"
Added Component: Designator=R108(tro smd 0603)
Add component (AddParameter): Name = "Chung_Loai"; Value = "Dán"; VariantName = "[No Variations]"
Add component (AddParameter): Name = "Don_Vi"; Value = "Con"; VariantName = "[No Variations]"
Add component (AddParameter): Name = "Kieu_Chan"; Value = ""; VariantName = "[No Variations]"
Add component (AddParameter): Name = "Ma_Hang"; Value = "MH006333"; VariantName = "[No Variations]"
Add component (AddParameter): Name = "So_Chan"; Value = "2"; VariantName = "[No Variations]"
Add component (AddParameter): Name = "Ten_Linh_Kien"; Value = "Tr? 0603 1% 10k"; VariantName = "[No Variations]"
Added Component: Designator=R109(tro smd 0603)
Add component (AddParameter): Name = "Chung_Loai"; Value = "Dán"; VariantName = "[No Variations]"
Add component (AddParameter): Name = "Don_Vi"; Value = "Con"; VariantName = "[No Variations]"
Add component (AddParameter): Name = "Kieu_Chan"; Value = ""; VariantName = "[No Variations]"
Add component (AddParameter): Name = "Ma_Hang"; Value = "MH006333"; VariantName = "[No Variations]"
Add component (AddParameter): Name = "So_Chan"; Value = "2"; VariantName = "[No Variations]"
Add component (AddParameter): Name = "Ten_Linh_Kien"; Value = "Tr? 0603 1% 10k"; VariantName = "[No Variations]"
Added Component: Designator=R110(tro smd 0603)
Add component (AddParameter): Name = "Chung_Loai"; Value = "Dán"; VariantName = "[No Variations]"
Add component (AddParameter): Name = "Don_Vi"; Value = "Con"; VariantName = "[No Variations]"
Add component (AddParameter): Name = "Kieu_Chan"; Value = ""; VariantName = "[No Variations]"
Add component (AddParameter): Name = "Ma_Hang"; Value = "MH006333"; VariantName = "[No Variations]"
Add component (AddParameter): Name = "So_Chan"; Value = "2"; VariantName = "[No Variations]"
Add component (AddParameter): Name = "Ten_Linh_Kien"; Value = "Tr? 0603 1% 10k"; VariantName = "[No Variations]"
Added Component: Designator=R111(tro smd 0603)
Add component (AddParameter): Name = "Chung_Loai"; Value = "Dán"; VariantName = "[No Variations]"
Add component (AddParameter): Name = "Don_Vi"; Value = "Con"; VariantName = "[No Variations]"
Add component (AddParameter): Name = "Kieu_Chan"; Value = ""; VariantName = "[No Variations]"
Add component (AddParameter): Name = "Ma_Hang"; Value = "MH006333"; VariantName = "[No Variations]"
Add component (AddParameter): Name = "So_Chan"; Value = "2"; VariantName = "[No Variations]"
Add component (AddParameter): Name = "Ten_Linh_Kien"; Value = "Tr? 0603 1% 10k"; VariantName = "[No Variations]"
Added Component: Designator=R112(tro smd 0603)
Add component (AddParameter): Name = "Chung_Loai"; Value = "Dán"; VariantName = "[No Variations]"
Add component (AddParameter): Name = "Don_Vi"; Value = "Con"; VariantName = "[No Variations]"
Add component (AddParameter): Name = "Kieu_Chan"; Value = ""; VariantName = "[No Variations]"
Add component (AddParameter): Name = "Ma_Hang"; Value = "MH006333"; VariantName = "[No Variations]"
Add component (AddParameter): Name = "So_Chan"; Value = "2"; VariantName = "[No Variations]"
Add component (AddParameter): Name = "Ten_Linh_Kien"; Value = "Tr? 0603 1% 10k"; VariantName = "[No Variations]"
Added Component: Designator=R113(tro smd 0603)
Add component (AddParameter): Name = "Chung_Loai"; Value = "Dán"; VariantName = "[No Variations]"
Add component (AddParameter): Name = "Don_Vi"; Value = "Con"; VariantName = "[No Variations]"
Add component (AddParameter): Name = "Kieu_Chan"; Value = ""; VariantName = "[No Variations]"
Add component (AddParameter): Name = "Ma_Hang"; Value = "MH006333"; VariantName = "[No Variations]"
Add component (AddParameter): Name = "So_Chan"; Value = "2"; VariantName = "[No Variations]"
Add component (AddParameter): Name = "Ten_Linh_Kien"; Value = "Tr? 0603 1% 10k"; VariantName = "[No Variations]"
Added Component: Designator=R114(tro smd 0603)
Add component (AddParameter): Name = "Chung_Loai"; Value = "Dán"; VariantName = "[No Variations]"
Add component (AddParameter): Name = "Don_Vi"; Value = "Con"; VariantName = "[No Variations]"
Add component (AddParameter): Name = "Kieu_Chan"; Value = ""; VariantName = "[No Variations]"
Add component (AddParameter): Name = "Ma_Hang"; Value = "MH006333"; VariantName = "[No Variations]"
Add component (AddParameter): Name = "So_Chan"; Value = "2"; VariantName = "[No Variations]"
Add component (AddParameter): Name = "Ten_Linh_Kien"; Value = "Tr? 0603 1% 10k"; VariantName = "[No Variations]"
Added Component: Designator=R115(tro smd 0603)
Add component (AddParameter): Name = "Chung_Loai"; Value = "Dán"; VariantName = "[No Variations]"
Add component (AddParameter): Name = "Don_Vi"; Value = "Con"; VariantName = "[No Variations]"
Add component (AddParameter): Name = "Kieu_Chan"; Value = ""; VariantName = "[No Variations]"
Add component (AddParameter): Name = "Ma_Hang"; Value = "MH006333"; VariantName = "[No Variations]"
Add component (AddParameter): Name = "So_Chan"; Value = "2"; VariantName = "[No Variations]"
Add component (AddParameter): Name = "Ten_Linh_Kien"; Value = "Tr? 0603 1% 10k"; VariantName = "[No Variations]"
Added Component: Designator=R116(tro smd 0603)
Add component (AddParameter): Name = "Chung_Loai"; Value = "Dán"; VariantName = "[No Variations]"
Add component (AddParameter): Name = "Don_Vi"; Value = "Con"; VariantName = "[No Variations]"
Add component (AddParameter): Name = "Kieu_Chan"; Value = ""; VariantName = "[No Variations]"
Add component (AddParameter): Name = "Ma_Hang"; Value = "MH006333"; VariantName = "[No Variations]"
Add component (AddParameter): Name = "So_Chan"; Value = "2"; VariantName = "[No Variations]"
Add component (AddParameter): Name = "Ten_Linh_Kien"; Value = "Tr? 0603 1% 10k"; VariantName = "[No Variations]"
Added Component: Designator=R117(tro smd 0603)
Add component (AddParameter): Name = "Chung_Loai"; Value = "Dán"; VariantName = "[No Variations]"
Add component (AddParameter): Name = "Don_Vi"; Value = "Con"; VariantName = "[No Variations]"
Add component (AddParameter): Name = "Kieu_Chan"; Value = ""; VariantName = "[No Variations]"
Add component (AddParameter): Name = "Ma_Hang"; Value = "MH006333"; VariantName = "[No Variations]"
Add component (AddParameter): Name = "So_Chan"; Value = "2"; VariantName = "[No Variations]"
Add component (AddParameter): Name = "Ten_Linh_Kien"; Value = "Tr? 0603 1% 10k"; VariantName = "[No Variations]"
Added Component: Designator=R118(tro smd 0603)
Add component (AddParameter): Name = "Chung_Loai"; Value = "Dán"; VariantName = "[No Variations]"
Add component (AddParameter): Name = "Don_Vi"; Value = "Con"; VariantName = "[No Variations]"
Add component (AddParameter): Name = "Kieu_Chan"; Value = ""; VariantName = "[No Variations]"
Add component (AddParameter): Name = "Ma_Hang"; Value = "MH006333"; VariantName = "[No Variations]"
Add component (AddParameter): Name = "So_Chan"; Value = "2"; VariantName = "[No Variations]"
Add component (AddParameter): Name = "Ten_Linh_Kien"; Value = "Tr? 0603 1% 10k"; VariantName = "[No Variations]"
Added Component: Designator=R119(tro smd 0603)
Add component (AddParameter): Name = "Chung_Loai"; Value = "Dán"; VariantName = "[No Variations]"
Add component (AddParameter): Name = "Don_Vi"; Value = "Con"; VariantName = "[No Variations]"
Add component (AddParameter): Name = "Kieu_Chan"; Value = ""; VariantName = "[No Variations]"
Add component (AddParameter): Name = "Ma_Hang"; Value = "MH006333"; VariantName = "[No Variations]"
Add component (AddParameter): Name = "So_Chan"; Value = "2"; VariantName = "[No Variations]"
Add component (AddParameter): Name = "Ten_Linh_Kien"; Value = "Tr? 0603 1% 10k"; VariantName = "[No Variations]"
Added Component: Designator=R120(tro smd 0603)
Add component (AddParameter): Name = "Chung_Loai"; Value = "Dán"; VariantName = "[No Variations]"
Add component (AddParameter): Name = "Don_Vi"; Value = "Con"; VariantName = "[No Variations]"
Add component (AddParameter): Name = "Kieu_Chan"; Value = ""; VariantName = "[No Variations]"
Add component (AddParameter): Name = "Ma_Hang"; Value = "MH006333"; VariantName = "[No Variations]"
Add component (AddParameter): Name = "So_Chan"; Value = "2"; VariantName = "[No Variations]"
Add component (AddParameter): Name = "Ten_Linh_Kien"; Value = "Tr? 0603 1% 10k"; VariantName = "[No Variations]"
Added Component: Designator=R121(tro smd 0603)
Add component (AddParameter): Name = "Chung_Loai"; Value = "Dán"; VariantName = "[No Variations]"
Add component (AddParameter): Name = "Don_Vi"; Value = "Con"; VariantName = "[No Variations]"
Add component (AddParameter): Name = "Kieu_Chan"; Value = ""; VariantName = "[No Variations]"
Add component (AddParameter): Name = "Ma_Hang"; Value = "MH006333"; VariantName = "[No Variations]"
Add component (AddParameter): Name = "So_Chan"; Value = "2"; VariantName = "[No Variations]"
Add component (AddParameter): Name = "Ten_Linh_Kien"; Value = "Tr? 0603 1% 10k"; VariantName = "[No Variations]"
Added Component: Designator=R122(tro smd 0603)
Add component (AddParameter): Name = "Chung_Loai"; Value = "Dán"; VariantName = "[No Variations]"
Add component (AddParameter): Name = "Don_Vi"; Value = "Con"; VariantName = "[No Variations]"
Add component (AddParameter): Name = "Kieu_Chan"; Value = ""; VariantName = "[No Variations]"
Add component (AddParameter): Name = "Ma_Hang"; Value = "MH006333"; VariantName = "[No Variations]"
Add component (AddParameter): Name = "So_Chan"; Value = "2"; VariantName = "[No Variations]"
Add component (AddParameter): Name = "Ten_Linh_Kien"; Value = "Tr? 0603 1% 10k"; VariantName = "[No Variations]"
Added Component: Designator=R123(tro smd 0603)
Add component (AddParameter): Name = "Chung_Loai"; Value = "Dán"; VariantName = "[No Variations]"
Add component (AddParameter): Name = "Don_Vi"; Value = "Con"; VariantName = "[No Variations]"
Add component (AddParameter): Name = "Kieu_Chan"; Value = ""; VariantName = "[No Variations]"
Add component (AddParameter): Name = "Ma_Hang"; Value = "MH006333"; VariantName = "[No Variations]"
Add component (AddParameter): Name = "So_Chan"; Value = "2"; VariantName = "[No Variations]"
Add component (AddParameter): Name = "Ten_Linh_Kien"; Value = "Tr? 0603 1% 10k"; VariantName = "[No Variations]"
Added Component: Designator=R124(tro smd 0603)
Add component (AddParameter): Name = "Chung_Loai"; Value = "Dán"; VariantName = "[No Variations]"
Add component (AddParameter): Name = "Don_Vi"; Value = "Con"; VariantName = "[No Variations]"
Add component (AddParameter): Name = "Kieu_Chan"; Value = ""; VariantName = "[No Variations]"
Add component (AddParameter): Name = "Ma_Hang"; Value = "MH006333"; VariantName = "[No Variations]"
Add component (AddParameter): Name = "So_Chan"; Value = "2"; VariantName = "[No Variations]"
Add component (AddParameter): Name = "Ten_Linh_Kien"; Value = "Tr? 0603 1% 10k"; VariantName = "[No Variations]"
Added Component: Designator=S1(SW_DS01-254-L-10BE)
Add component (AddParameter): Name = "Check_prices"; Value = "https://www.snapeda.com/parts/DS01-254-L-10BE/Same+Sky/view-part/?ref=eda"; VariantName = "[No Variations]"
Add component (AddParameter): Name = "MF"; Value = "Same Sky"; VariantName = "[No Variations]"
Add component (AddParameter): Name = "MP"; Value = "DS01-254-L-10BE"; VariantName = "[No Variations]"
Add component (AddParameter): Name = "Package"; Value = "None"; VariantName = "[No Variations]"
Add component (AddParameter): Name = "SnapEDA_Link"; Value = "https://www.snapeda.com/parts/DS01-254-L-10BE/Same+Sky/view-part/?ref=snap"; VariantName = "[No Variations]"
Add component (AddParameter): Name = "Value"; Value = ""; VariantName = "[No Variations]"
Added Component: Designator=STLINK2(HDR/Header/6)
Add component (AddParameter): Name = "BRAND"; Value = ""; VariantName = "[No Variations]"
Add component (AddParameter): Name = "PACKAGE"; Value = ""; VariantName = "[No Variations]"
Add component (AddParameter): Name = "PART NO"; Value = ""; VariantName = "[No Variations]"
Add component (AddParameter): Name = "STOCK CODE"; Value = ""; VariantName = "[No Variations]"
Add component (AddParameter): Name = "SUPPLIER"; Value = ""; VariantName = "[No Variations]"
Add component (AddParameter): Name = "TYPE"; Value = ""; VariantName = "[No Variations]"
Added Component: Designator=SW1(SW1-SMD)
Add component (AddParameter): Name = "Value"; Value = "SW chip 2 pin"; VariantName = "[No Variations]"
Added Component: Designator=U1(SOT95P280X145-5N)
Add component (AddParameter): Name = "Check_prices"; Value = "https://www.snapeda.com/parts/MIC5504-3.3YM5%20TR/Microchip/view-part/?ref=eda"; VariantName = "[No Variations]"
Add component (AddParameter): Name = "MF"; Value = "Microchip"; VariantName = "[No Variations]"
Add component (AddParameter): Name = "MP"; Value = "MIC5504-3.3YM5 TR"; VariantName = "[No Variations]"
Add component (AddParameter): Name = "Package"; Value = "SOT-23 Microchip"; VariantName = "[No Variations]"
Add component (AddParameter): Name = "SnapEDA_Link"; Value = "https://www.snapeda.com/parts/MIC5504-3.3YM5%20TR/Microchip/view-part/?ref=snap"; VariantName = "[No Variations]"
Add component (AddParameter): Name = "Value"; Value = ""; VariantName = "[No Variations]"
Added Component: Designator=U2(QFP50P1600X1600X160-100N)
Add component (AddParameter): Name = "Mouser Eletronics"; Value = ""; VariantName = "[No Variations]"
Add component (AddParameter): Name = "Value"; Value = "STM32F373VBTx"; VariantName = "[No Variations]"
Added Component: Designator=U3(SOIC127P599X175-8N)
Add component (AddParameter): Name = "Check_prices"; Value = "https://www.snapeda.com/parts/TCAN332D/Texas+Instruments/view-part/?ref=eda"; VariantName = "[No Variations]"
Add component (AddParameter): Name = "MF"; Value = "Texas Instruments"; VariantName = "[No Variations]"
Add component (AddParameter): Name = "MP"; Value = "TCAN332D"; VariantName = "[No Variations]"
Add component (AddParameter): Name = "Package"; Value = "SOIC-8 Texas Instruments"; VariantName = "[No Variations]"
Add component (AddParameter): Name = "SnapEDA_Link"; Value = "https://www.snapeda.com/parts/TCAN332D/Texas+Instruments/view-part/?ref=snap"; VariantName = "[No Variations]"
Add component (AddParameter): Name = "Value"; Value = ""; VariantName = "[No Variations]"
Added Component: Designator=U4(DIP762W50P254L495H455Q4)
Add component (AddParameter): Name = "Availability"; Value = "In Stock"; VariantName = "[No Variations]"
Add component (AddParameter): Name = "Check_prices"; Value = "https://www.snapeda.com/parts/PC817X3NSZ1B/Sharp+Microelectronics/view-part/?ref=eda"; VariantName = "[No Variations]"
Add component (AddParameter): Name = "MF"; Value = "Sharp Microelectronics"; VariantName = "[No Variations]"
Add component (AddParameter): Name = "MP"; Value = "PC817X3NSZ1B"; VariantName = "[No Variations]"
Add component (AddParameter): Name = "Package"; Value = "DIP-4 Sharp Microelectronics"; VariantName = "[No Variations]"
Add component (AddParameter): Name = "Price"; Value = "None"; VariantName = "[No Variations]"
Add component (AddParameter): Name = "Purchase-URL"; Value = "https://pricing.snapeda.com/search/part/PC817X3NSZ1B/?ref=eda"; VariantName = "[No Variations]"
Add component (AddParameter): Name = "SnapEDA_Link"; Value = "https://www.snapeda.com/parts/PC817X3NSZ1B/Sharp+Microelectronics/view-part/?ref=snap"; VariantName = "[No Variations]"
Add component (AddParameter): Name = "Value"; Value = ""; VariantName = "[No Variations]"
Added Component: Designator=U5(DIP762W50P254L495H455Q4)
Add component (AddParameter): Name = "Availability"; Value = "In Stock"; VariantName = "[No Variations]"
Add component (AddParameter): Name = "Check_prices"; Value = "https://www.snapeda.com/parts/PC817X3NSZ1B/Sharp+Microelectronics/view-part/?ref=eda"; VariantName = "[No Variations]"
Add component (AddParameter): Name = "MF"; Value = "Sharp Microelectronics"; VariantName = "[No Variations]"
Add component (AddParameter): Name = "MP"; Value = "PC817X3NSZ1B"; VariantName = "[No Variations]"
Add component (AddParameter): Name = "Package"; Value = "DIP-4 Sharp Microelectronics"; VariantName = "[No Variations]"
Add component (AddParameter): Name = "Price"; Value = "None"; VariantName = "[No Variations]"
Add component (AddParameter): Name = "Purchase-URL"; Value = "https://pricing.snapeda.com/search/part/PC817X3NSZ1B/?ref=eda"; VariantName = "[No Variations]"
Add component (AddParameter): Name = "SnapEDA_Link"; Value = "https://www.snapeda.com/parts/PC817X3NSZ1B/Sharp+Microelectronics/view-part/?ref=snap"; VariantName = "[No Variations]"
Add component (AddParameter): Name = "Value"; Value = ""; VariantName = "[No Variations]"
Added Component: Designator=U6(DIP762W50P254L495H455Q4)
Add component (AddParameter): Name = "Availability"; Value = "In Stock"; VariantName = "[No Variations]"
Add component (AddParameter): Name = "Check_prices"; Value = "https://www.snapeda.com/parts/PC817X3NSZ1B/Sharp+Microelectronics/view-part/?ref=eda"; VariantName = "[No Variations]"
Add component (AddParameter): Name = "MF"; Value = "Sharp Microelectronics"; VariantName = "[No Variations]"
Add component (AddParameter): Name = "MP"; Value = "PC817X3NSZ1B"; VariantName = "[No Variations]"
Add component (AddParameter): Name = "Package"; Value = "DIP-4 Sharp Microelectronics"; VariantName = "[No Variations]"
Add component (AddParameter): Name = "Price"; Value = "None"; VariantName = "[No Variations]"
Add component (AddParameter): Name = "Purchase-URL"; Value = "https://pricing.snapeda.com/search/part/PC817X3NSZ1B/?ref=eda"; VariantName = "[No Variations]"
Add component (AddParameter): Name = "SnapEDA_Link"; Value = "https://www.snapeda.com/parts/PC817X3NSZ1B/Sharp+Microelectronics/view-part/?ref=snap"; VariantName = "[No Variations]"
Add component (AddParameter): Name = "Value"; Value = ""; VariantName = "[No Variations]"
Added Component: Designator=U7(DIP762W50P254L495H455Q4)
Add component (AddParameter): Name = "Availability"; Value = "In Stock"; VariantName = "[No Variations]"
Add component (AddParameter): Name = "Check_prices"; Value = "https://www.snapeda.com/parts/PC817X3NSZ1B/Sharp+Microelectronics/view-part/?ref=eda"; VariantName = "[No Variations]"
Add component (AddParameter): Name = "MF"; Value = "Sharp Microelectronics"; VariantName = "[No Variations]"
Add component (AddParameter): Name = "MP"; Value = "PC817X3NSZ1B"; VariantName = "[No Variations]"
Add component (AddParameter): Name = "Package"; Value = "DIP-4 Sharp Microelectronics"; VariantName = "[No Variations]"
Add component (AddParameter): Name = "Price"; Value = "None"; VariantName = "[No Variations]"
Add component (AddParameter): Name = "Purchase-URL"; Value = "https://pricing.snapeda.com/search/part/PC817X3NSZ1B/?ref=eda"; VariantName = "[No Variations]"
Add component (AddParameter): Name = "SnapEDA_Link"; Value = "https://www.snapeda.com/parts/PC817X3NSZ1B/Sharp+Microelectronics/view-part/?ref=snap"; VariantName = "[No Variations]"
Add component (AddParameter): Name = "Value"; Value = ""; VariantName = "[No Variations]"
Added Component: Designator=U8(DIP762W50P254L495H455Q4)
Add component (AddParameter): Name = "Availability"; Value = "In Stock"; VariantName = "[No Variations]"
Add component (AddParameter): Name = "Check_prices"; Value = "https://www.snapeda.com/parts/PC817X3NSZ1B/Sharp+Microelectronics/view-part/?ref=eda"; VariantName = "[No Variations]"
Add component (AddParameter): Name = "MF"; Value = "Sharp Microelectronics"; VariantName = "[No Variations]"
Add component (AddParameter): Name = "MP"; Value = "PC817X3NSZ1B"; VariantName = "[No Variations]"
Add component (AddParameter): Name = "Package"; Value = "DIP-4 Sharp Microelectronics"; VariantName = "[No Variations]"
Add component (AddParameter): Name = "Price"; Value = "None"; VariantName = "[No Variations]"
Add component (AddParameter): Name = "Purchase-URL"; Value = "https://pricing.snapeda.com/search/part/PC817X3NSZ1B/?ref=eda"; VariantName = "[No Variations]"
Add component (AddParameter): Name = "SnapEDA_Link"; Value = "https://www.snapeda.com/parts/PC817X3NSZ1B/Sharp+Microelectronics/view-part/?ref=snap"; VariantName = "[No Variations]"
Add component (AddParameter): Name = "Value"; Value = ""; VariantName = "[No Variations]"
Added Component: Designator=U9(DIP762W50P254L495H455Q4)
Add component (AddParameter): Name = "Availability"; Value = "In Stock"; VariantName = "[No Variations]"
Add component (AddParameter): Name = "Check_prices"; Value = "https://www.snapeda.com/parts/PC817X3NSZ1B/Sharp+Microelectronics/view-part/?ref=eda"; VariantName = "[No Variations]"
Add component (AddParameter): Name = "MF"; Value = "Sharp Microelectronics"; VariantName = "[No Variations]"
Add component (AddParameter): Name = "MP"; Value = "PC817X3NSZ1B"; VariantName = "[No Variations]"
Add component (AddParameter): Name = "Package"; Value = "DIP-4 Sharp Microelectronics"; VariantName = "[No Variations]"
Add component (AddParameter): Name = "Price"; Value = "None"; VariantName = "[No Variations]"
Add component (AddParameter): Name = "Purchase-URL"; Value = "https://pricing.snapeda.com/search/part/PC817X3NSZ1B/?ref=eda"; VariantName = "[No Variations]"
Add component (AddParameter): Name = "SnapEDA_Link"; Value = "https://www.snapeda.com/parts/PC817X3NSZ1B/Sharp+Microelectronics/view-part/?ref=snap"; VariantName = "[No Variations]"
Add component (AddParameter): Name = "Value"; Value = ""; VariantName = "[No Variations]"
Added Component: Designator=U10(DIP762W50P254L495H455Q4)
Add component (AddParameter): Name = "Availability"; Value = "In Stock"; VariantName = "[No Variations]"
Add component (AddParameter): Name = "Check_prices"; Value = "https://www.snapeda.com/parts/PC817X3NSZ1B/Sharp+Microelectronics/view-part/?ref=eda"; VariantName = "[No Variations]"
Add component (AddParameter): Name = "MF"; Value = "Sharp Microelectronics"; VariantName = "[No Variations]"
Add component (AddParameter): Name = "MP"; Value = "PC817X3NSZ1B"; VariantName = "[No Variations]"
Add component (AddParameter): Name = "Package"; Value = "DIP-4 Sharp Microelectronics"; VariantName = "[No Variations]"
Add component (AddParameter): Name = "Price"; Value = "None"; VariantName = "[No Variations]"
Add component (AddParameter): Name = "Purchase-URL"; Value = "https://pricing.snapeda.com/search/part/PC817X3NSZ1B/?ref=eda"; VariantName = "[No Variations]"
Add component (AddParameter): Name = "SnapEDA_Link"; Value = "https://www.snapeda.com/parts/PC817X3NSZ1B/Sharp+Microelectronics/view-part/?ref=snap"; VariantName = "[No Variations]"
Add component (AddParameter): Name = "Value"; Value = ""; VariantName = "[No Variations]"
Added Component: Designator=U11(DIP762W50P254L495H455Q4)
Add component (AddParameter): Name = "Availability"; Value = "In Stock"; VariantName = "[No Variations]"
Add component (AddParameter): Name = "Check_prices"; Value = "https://www.snapeda.com/parts/PC817X3NSZ1B/Sharp+Microelectronics/view-part/?ref=eda"; VariantName = "[No Variations]"
Add component (AddParameter): Name = "MF"; Value = "Sharp Microelectronics"; VariantName = "[No Variations]"
Add component (AddParameter): Name = "MP"; Value = "PC817X3NSZ1B"; VariantName = "[No Variations]"
Add component (AddParameter): Name = "Package"; Value = "DIP-4 Sharp Microelectronics"; VariantName = "[No Variations]"
Add component (AddParameter): Name = "Price"; Value = "None"; VariantName = "[No Variations]"
Add component (AddParameter): Name = "Purchase-URL"; Value = "https://pricing.snapeda.com/search/part/PC817X3NSZ1B/?ref=eda"; VariantName = "[No Variations]"
Add component (AddParameter): Name = "SnapEDA_Link"; Value = "https://www.snapeda.com/parts/PC817X3NSZ1B/Sharp+Microelectronics/view-part/?ref=snap"; VariantName = "[No Variations]"
Add component (AddParameter): Name = "Value"; Value = ""; VariantName = "[No Variations]"
Added Component: Designator=U12(DIP762W50P254L495H455Q4)
Add component (AddParameter): Name = "Availability"; Value = "In Stock"; VariantName = "[No Variations]"
Add component (AddParameter): Name = "Check_prices"; Value = "https://www.snapeda.com/parts/PC817X3NSZ1B/Sharp+Microelectronics/view-part/?ref=eda"; VariantName = "[No Variations]"
Add component (AddParameter): Name = "MF"; Value = "Sharp Microelectronics"; VariantName = "[No Variations]"
Add component (AddParameter): Name = "MP"; Value = "PC817X3NSZ1B"; VariantName = "[No Variations]"
Add component (AddParameter): Name = "Package"; Value = "DIP-4 Sharp Microelectronics"; VariantName = "[No Variations]"
Add component (AddParameter): Name = "Price"; Value = "None"; VariantName = "[No Variations]"
Add component (AddParameter): Name = "Purchase-URL"; Value = "https://pricing.snapeda.com/search/part/PC817X3NSZ1B/?ref=eda"; VariantName = "[No Variations]"
Add component (AddParameter): Name = "SnapEDA_Link"; Value = "https://www.snapeda.com/parts/PC817X3NSZ1B/Sharp+Microelectronics/view-part/?ref=snap"; VariantName = "[No Variations]"
Add component (AddParameter): Name = "Value"; Value = ""; VariantName = "[No Variations]"
Added Component: Designator=U13(DIP762W50P254L495H455Q4)
Add component (AddParameter): Name = "Availability"; Value = "In Stock"; VariantName = "[No Variations]"
Add component (AddParameter): Name = "Check_prices"; Value = "https://www.snapeda.com/parts/PC817X3NSZ1B/Sharp+Microelectronics/view-part/?ref=eda"; VariantName = "[No Variations]"
Add component (AddParameter): Name = "MF"; Value = "Sharp Microelectronics"; VariantName = "[No Variations]"
Add component (AddParameter): Name = "MP"; Value = "PC817X3NSZ1B"; VariantName = "[No Variations]"
Add component (AddParameter): Name = "Package"; Value = "DIP-4 Sharp Microelectronics"; VariantName = "[No Variations]"
Add component (AddParameter): Name = "Price"; Value = "None"; VariantName = "[No Variations]"
Add component (AddParameter): Name = "Purchase-URL"; Value = "https://pricing.snapeda.com/search/part/PC817X3NSZ1B/?ref=eda"; VariantName = "[No Variations]"
Add component (AddParameter): Name = "SnapEDA_Link"; Value = "https://www.snapeda.com/parts/PC817X3NSZ1B/Sharp+Microelectronics/view-part/?ref=snap"; VariantName = "[No Variations]"
Add component (AddParameter): Name = "Value"; Value = ""; VariantName = "[No Variations]"
Added Component: Designator=U14(DIP762W50P254L495H455Q4)
Add component (AddParameter): Name = "Availability"; Value = "In Stock"; VariantName = "[No Variations]"
Add component (AddParameter): Name = "Check_prices"; Value = "https://www.snapeda.com/parts/PC817X3NSZ1B/Sharp+Microelectronics/view-part/?ref=eda"; VariantName = "[No Variations]"
Add component (AddParameter): Name = "MF"; Value = "Sharp Microelectronics"; VariantName = "[No Variations]"
Add component (AddParameter): Name = "MP"; Value = "PC817X3NSZ1B"; VariantName = "[No Variations]"
Add component (AddParameter): Name = "Package"; Value = "DIP-4 Sharp Microelectronics"; VariantName = "[No Variations]"
Add component (AddParameter): Name = "Price"; Value = "None"; VariantName = "[No Variations]"
Add component (AddParameter): Name = "Purchase-URL"; Value = "https://pricing.snapeda.com/search/part/PC817X3NSZ1B/?ref=eda"; VariantName = "[No Variations]"
Add component (AddParameter): Name = "SnapEDA_Link"; Value = "https://www.snapeda.com/parts/PC817X3NSZ1B/Sharp+Microelectronics/view-part/?ref=snap"; VariantName = "[No Variations]"
Add component (AddParameter): Name = "Value"; Value = ""; VariantName = "[No Variations]"
Added Component: Designator=U15(DIP762W50P254L495H455Q4)
Add component (AddParameter): Name = "Availability"; Value = "In Stock"; VariantName = "[No Variations]"
Add component (AddParameter): Name = "Check_prices"; Value = "https://www.snapeda.com/parts/PC817X3NSZ1B/Sharp+Microelectronics/view-part/?ref=eda"; VariantName = "[No Variations]"
Add component (AddParameter): Name = "MF"; Value = "Sharp Microelectronics"; VariantName = "[No Variations]"
Add component (AddParameter): Name = "MP"; Value = "PC817X3NSZ1B"; VariantName = "[No Variations]"
Add component (AddParameter): Name = "Package"; Value = "DIP-4 Sharp Microelectronics"; VariantName = "[No Variations]"
Add component (AddParameter): Name = "Price"; Value = "None"; VariantName = "[No Variations]"
Add component (AddParameter): Name = "Purchase-URL"; Value = "https://pricing.snapeda.com/search/part/PC817X3NSZ1B/?ref=eda"; VariantName = "[No Variations]"
Add component (AddParameter): Name = "SnapEDA_Link"; Value = "https://www.snapeda.com/parts/PC817X3NSZ1B/Sharp+Microelectronics/view-part/?ref=snap"; VariantName = "[No Variations]"
Add component (AddParameter): Name = "Value"; Value = ""; VariantName = "[No Variations]"
Added Component: Designator=U16(DIP762W50P254L495H455Q4)
Add component (AddParameter): Name = "Availability"; Value = "In Stock"; VariantName = "[No Variations]"
Add component (AddParameter): Name = "Check_prices"; Value = "https://www.snapeda.com/parts/PC817X3NSZ1B/Sharp+Microelectronics/view-part/?ref=eda"; VariantName = "[No Variations]"
Add component (AddParameter): Name = "MF"; Value = "Sharp Microelectronics"; VariantName = "[No Variations]"
Add component (AddParameter): Name = "MP"; Value = "PC817X3NSZ1B"; VariantName = "[No Variations]"
Add component (AddParameter): Name = "Package"; Value = "DIP-4 Sharp Microelectronics"; VariantName = "[No Variations]"
Add component (AddParameter): Name = "Price"; Value = "None"; VariantName = "[No Variations]"
Add component (AddParameter): Name = "Purchase-URL"; Value = "https://pricing.snapeda.com/search/part/PC817X3NSZ1B/?ref=eda"; VariantName = "[No Variations]"
Add component (AddParameter): Name = "SnapEDA_Link"; Value = "https://www.snapeda.com/parts/PC817X3NSZ1B/Sharp+Microelectronics/view-part/?ref=snap"; VariantName = "[No Variations]"
Add component (AddParameter): Name = "Value"; Value = ""; VariantName = "[No Variations]"
Added Component: Designator=U17(DIP762W50P254L495H455Q4)
Add component (AddParameter): Name = "Availability"; Value = "In Stock"; VariantName = "[No Variations]"
Add component (AddParameter): Name = "Check_prices"; Value = "https://www.snapeda.com/parts/PC817X3NSZ1B/Sharp+Microelectronics/view-part/?ref=eda"; VariantName = "[No Variations]"
Add component (AddParameter): Name = "MF"; Value = "Sharp Microelectronics"; VariantName = "[No Variations]"
Add component (AddParameter): Name = "MP"; Value = "PC817X3NSZ1B"; VariantName = "[No Variations]"
Add component (AddParameter): Name = "Package"; Value = "DIP-4 Sharp Microelectronics"; VariantName = "[No Variations]"
Add component (AddParameter): Name = "Price"; Value = "None"; VariantName = "[No Variations]"
Add component (AddParameter): Name = "Purchase-URL"; Value = "https://pricing.snapeda.com/search/part/PC817X3NSZ1B/?ref=eda"; VariantName = "[No Variations]"
Add component (AddParameter): Name = "SnapEDA_Link"; Value = "https://www.snapeda.com/parts/PC817X3NSZ1B/Sharp+Microelectronics/view-part/?ref=snap"; VariantName = "[No Variations]"
Add component (AddParameter): Name = "Value"; Value = ""; VariantName = "[No Variations]"
Added Component: Designator=U18(DIP762W50P254L495H455Q4)
Add component (AddParameter): Name = "Availability"; Value = "In Stock"; VariantName = "[No Variations]"
Add component (AddParameter): Name = "Check_prices"; Value = "https://www.snapeda.com/parts/PC817X3NSZ1B/Sharp+Microelectronics/view-part/?ref=eda"; VariantName = "[No Variations]"
Add component (AddParameter): Name = "MF"; Value = "Sharp Microelectronics"; VariantName = "[No Variations]"
Add component (AddParameter): Name = "MP"; Value = "PC817X3NSZ1B"; VariantName = "[No Variations]"
Add component (AddParameter): Name = "Package"; Value = "DIP-4 Sharp Microelectronics"; VariantName = "[No Variations]"
Add component (AddParameter): Name = "Price"; Value = "None"; VariantName = "[No Variations]"
Add component (AddParameter): Name = "Purchase-URL"; Value = "https://pricing.snapeda.com/search/part/PC817X3NSZ1B/?ref=eda"; VariantName = "[No Variations]"
Add component (AddParameter): Name = "SnapEDA_Link"; Value = "https://www.snapeda.com/parts/PC817X3NSZ1B/Sharp+Microelectronics/view-part/?ref=snap"; VariantName = "[No Variations]"
Add component (AddParameter): Name = "Value"; Value = ""; VariantName = "[No Variations]"
Added Component: Designator=U19(DIP762W50P254L495H455Q4)
Add component (AddParameter): Name = "Availability"; Value = "In Stock"; VariantName = "[No Variations]"
Add component (AddParameter): Name = "Check_prices"; Value = "https://www.snapeda.com/parts/PC817X3NSZ1B/Sharp+Microelectronics/view-part/?ref=eda"; VariantName = "[No Variations]"
Add component (AddParameter): Name = "MF"; Value = "Sharp Microelectronics"; VariantName = "[No Variations]"
Add component (AddParameter): Name = "MP"; Value = "PC817X3NSZ1B"; VariantName = "[No Variations]"
Add component (AddParameter): Name = "Package"; Value = "DIP-4 Sharp Microelectronics"; VariantName = "[No Variations]"
Add component (AddParameter): Name = "Price"; Value = "None"; VariantName = "[No Variations]"
Add component (AddParameter): Name = "Purchase-URL"; Value = "https://pricing.snapeda.com/search/part/PC817X3NSZ1B/?ref=eda"; VariantName = "[No Variations]"
Add component (AddParameter): Name = "SnapEDA_Link"; Value = "https://www.snapeda.com/parts/PC817X3NSZ1B/Sharp+Microelectronics/view-part/?ref=snap"; VariantName = "[No Variations]"
Add component (AddParameter): Name = "Value"; Value = ""; VariantName = "[No Variations]"
Added Component: Designator=U20(DIP762W50P254L495H455Q4)
Add component (AddParameter): Name = "Availability"; Value = "In Stock"; VariantName = "[No Variations]"
Add component (AddParameter): Name = "Check_prices"; Value = "https://www.snapeda.com/parts/PC817X3NSZ1B/Sharp+Microelectronics/view-part/?ref=eda"; VariantName = "[No Variations]"
Add component (AddParameter): Name = "MF"; Value = "Sharp Microelectronics"; VariantName = "[No Variations]"
Add component (AddParameter): Name = "MP"; Value = "PC817X3NSZ1B"; VariantName = "[No Variations]"
Add component (AddParameter): Name = "Package"; Value = "DIP-4 Sharp Microelectronics"; VariantName = "[No Variations]"
Add component (AddParameter): Name = "Price"; Value = "None"; VariantName = "[No Variations]"
Add component (AddParameter): Name = "Purchase-URL"; Value = "https://pricing.snapeda.com/search/part/PC817X3NSZ1B/?ref=eda"; VariantName = "[No Variations]"
Add component (AddParameter): Name = "SnapEDA_Link"; Value = "https://www.snapeda.com/parts/PC817X3NSZ1B/Sharp+Microelectronics/view-part/?ref=snap"; VariantName = "[No Variations]"
Add component (AddParameter): Name = "Value"; Value = ""; VariantName = "[No Variations]"
Added Component: Designator=U21(DIP762W50P254L495H455Q4)
Add component (AddParameter): Name = "Availability"; Value = "In Stock"; VariantName = "[No Variations]"
Add component (AddParameter): Name = "Check_prices"; Value = "https://www.snapeda.com/parts/PC817X3NSZ1B/Sharp+Microelectronics/view-part/?ref=eda"; VariantName = "[No Variations]"
Add component (AddParameter): Name = "MF"; Value = "Sharp Microelectronics"; VariantName = "[No Variations]"
Add component (AddParameter): Name = "MP"; Value = "PC817X3NSZ1B"; VariantName = "[No Variations]"
Add component (AddParameter): Name = "Package"; Value = "DIP-4 Sharp Microelectronics"; VariantName = "[No Variations]"
Add component (AddParameter): Name = "Price"; Value = "None"; VariantName = "[No Variations]"
Add component (AddParameter): Name = "Purchase-URL"; Value = "https://pricing.snapeda.com/search/part/PC817X3NSZ1B/?ref=eda"; VariantName = "[No Variations]"
Add component (AddParameter): Name = "SnapEDA_Link"; Value = "https://www.snapeda.com/parts/PC817X3NSZ1B/Sharp+Microelectronics/view-part/?ref=snap"; VariantName = "[No Variations]"
Add component (AddParameter): Name = "Value"; Value = ""; VariantName = "[No Variations]"
Added Component: Designator=U22(DIP762W50P254L495H455Q4)
Add component (AddParameter): Name = "Availability"; Value = "In Stock"; VariantName = "[No Variations]"
Add component (AddParameter): Name = "Check_prices"; Value = "https://www.snapeda.com/parts/PC817X3NSZ1B/Sharp+Microelectronics/view-part/?ref=eda"; VariantName = "[No Variations]"
Add component (AddParameter): Name = "MF"; Value = "Sharp Microelectronics"; VariantName = "[No Variations]"
Add component (AddParameter): Name = "MP"; Value = "PC817X3NSZ1B"; VariantName = "[No Variations]"
Add component (AddParameter): Name = "Package"; Value = "DIP-4 Sharp Microelectronics"; VariantName = "[No Variations]"
Add component (AddParameter): Name = "Price"; Value = "None"; VariantName = "[No Variations]"
Add component (AddParameter): Name = "Purchase-URL"; Value = "https://pricing.snapeda.com/search/part/PC817X3NSZ1B/?ref=eda"; VariantName = "[No Variations]"
Add component (AddParameter): Name = "SnapEDA_Link"; Value = "https://www.snapeda.com/parts/PC817X3NSZ1B/Sharp+Microelectronics/view-part/?ref=snap"; VariantName = "[No Variations]"
Add component (AddParameter): Name = "Value"; Value = ""; VariantName = "[No Variations]"
Added Component: Designator=U23(DIP762W50P254L495H455Q4)
Add component (AddParameter): Name = "Availability"; Value = "In Stock"; VariantName = "[No Variations]"
Add component (AddParameter): Name = "Check_prices"; Value = "https://www.snapeda.com/parts/PC817X3NSZ1B/Sharp+Microelectronics/view-part/?ref=eda"; VariantName = "[No Variations]"
Add component (AddParameter): Name = "MF"; Value = "Sharp Microelectronics"; VariantName = "[No Variations]"
Add component (AddParameter): Name = "MP"; Value = "PC817X3NSZ1B"; VariantName = "[No Variations]"
Add component (AddParameter): Name = "Package"; Value = "DIP-4 Sharp Microelectronics"; VariantName = "[No Variations]"
Add component (AddParameter): Name = "Price"; Value = "None"; VariantName = "[No Variations]"
Add component (AddParameter): Name = "Purchase-URL"; Value = "https://pricing.snapeda.com/search/part/PC817X3NSZ1B/?ref=eda"; VariantName = "[No Variations]"
Add component (AddParameter): Name = "SnapEDA_Link"; Value = "https://www.snapeda.com/parts/PC817X3NSZ1B/Sharp+Microelectronics/view-part/?ref=snap"; VariantName = "[No Variations]"
Add component (AddParameter): Name = "Value"; Value = ""; VariantName = "[No Variations]"
Added Component: Designator=U24(SOIC127P600X175-14N)
Add component (AddParameter): Name = "Check_prices"; Value = "https://www.snapeda.com/parts/LM324AM/Texas+Instruments/view-part/?ref=eda"; VariantName = "[No Variations]"
Add component (AddParameter): Name = "MF"; Value = "Texas Instruments"; VariantName = "[No Variations]"
Add component (AddParameter): Name = "MP"; Value = "LM324AM"; VariantName = "[No Variations]"
Add component (AddParameter): Name = "Package"; Value = "SOIC-14 Texas Instruments"; VariantName = "[No Variations]"
Add component (AddParameter): Name = "SnapEDA_Link"; Value = "https://www.snapeda.com/parts/LM324AM/Texas+Instruments/view-part/?ref=snap"; VariantName = "[No Variations]"
Add component (AddParameter): Name = "Value"; Value = ""; VariantName = "[No Variations]"
Added Component: Designator=U25(SOIC127P599X175-8N)
Add component (AddParameter): Name = "Check_prices"; Value = "https://www.snapeda.com/parts/LM2904DR/Texas+Instruments/view-part/?ref=eda"; VariantName = "[No Variations]"
Add component (AddParameter): Name = "MF"; Value = "Texas Instruments"; VariantName = "[No Variations]"
Add component (AddParameter): Name = "MP"; Value = "LM2904DR"; VariantName = "[No Variations]"
Add component (AddParameter): Name = "Package"; Value = "SOIC-8 Texas Instruments"; VariantName = "[No Variations]"
Add component (AddParameter): Name = "SnapEDA_Link"; Value = "https://www.snapeda.com/parts/LM2904DR/Texas+Instruments/view-part/?ref=snap"; VariantName = "[No Variations]"
Add component (AddParameter): Name = "Value"; Value = ""; VariantName = "[No Variations]"
Added Component: Designator=U26(SOIC127P600X175-14N)
Add component (AddParameter): Name = "Check_prices"; Value = "https://www.snapeda.com/parts/LM324AM/Texas+Instruments/view-part/?ref=eda"; VariantName = "[No Variations]"
Add component (AddParameter): Name = "MF"; Value = "Texas Instruments"; VariantName = "[No Variations]"
Add component (AddParameter): Name = "MP"; Value = "LM324AM"; VariantName = "[No Variations]"
Add component (AddParameter): Name = "Package"; Value = "SOIC-14 Texas Instruments"; VariantName = "[No Variations]"
Add component (AddParameter): Name = "SnapEDA_Link"; Value = "https://www.snapeda.com/parts/LM324AM/Texas+Instruments/view-part/?ref=snap"; VariantName = "[No Variations]"
Add component (AddParameter): Name = "Value"; Value = ""; VariantName = "[No Variations]"
Added Component: Designator=U27(SOIC127P599X175-8N)
Add component (AddParameter): Name = "Check_prices"; Value = "https://www.snapeda.com/parts/LM2904DR/Texas+Instruments/view-part/?ref=eda"; VariantName = "[No Variations]"
Add component (AddParameter): Name = "MF"; Value = "Texas Instruments"; VariantName = "[No Variations]"
Add component (AddParameter): Name = "MP"; Value = "LM2904DR"; VariantName = "[No Variations]"
Add component (AddParameter): Name = "Package"; Value = "SOIC-8 Texas Instruments"; VariantName = "[No Variations]"
Add component (AddParameter): Name = "SnapEDA_Link"; Value = "https://www.snapeda.com/parts/LM2904DR/Texas+Instruments/view-part/?ref=snap"; VariantName = "[No Variations]"
Add component (AddParameter): Name = "Value"; Value = ""; VariantName = "[No Variations]"
Added Component: Designator=U28(SOIC127P600X175-14N)
Add component (AddParameter): Name = "Check_prices"; Value = "https://www.snapeda.com/parts/LM324AM/Texas+Instruments/view-part/?ref=eda"; VariantName = "[No Variations]"
Add component (AddParameter): Name = "MF"; Value = "Texas Instruments"; VariantName = "[No Variations]"
Add component (AddParameter): Name = "MP"; Value = "LM324AM"; VariantName = "[No Variations]"
Add component (AddParameter): Name = "Package"; Value = "SOIC-14 Texas Instruments"; VariantName = "[No Variations]"
Add component (AddParameter): Name = "SnapEDA_Link"; Value = "https://www.snapeda.com/parts/LM324AM/Texas+Instruments/view-part/?ref=snap"; VariantName = "[No Variations]"
Add component (AddParameter): Name = "Value"; Value = ""; VariantName = "[No Variations]"
Added Component: Designator=U29(SOIC127P600X175-14N)
Add component (AddParameter): Name = "Check_prices"; Value = "https://www.snapeda.com/parts/LM324AM/Texas+Instruments/view-part/?ref=eda"; VariantName = "[No Variations]"
Add component (AddParameter): Name = "MF"; Value = "Texas Instruments"; VariantName = "[No Variations]"
Add component (AddParameter): Name = "MP"; Value = "LM324AM"; VariantName = "[No Variations]"
Add component (AddParameter): Name = "Package"; Value = "SOIC-14 Texas Instruments"; VariantName = "[No Variations]"
Add component (AddParameter): Name = "SnapEDA_Link"; Value = "https://www.snapeda.com/parts/LM324AM/Texas+Instruments/view-part/?ref=snap"; VariantName = "[No Variations]"
Add component (AddParameter): Name = "Value"; Value = ""; VariantName = "[No Variations]"
Added Component: Designator=X1(OST_USB-B1HSB6)
Add component (AddParameter): Name = "Availability"; Value = "In Stock"; VariantName = "[No Variations]"
Add component (AddParameter): Name = "Check_prices"; Value = "https://www.snapeda.com/parts/USB-B1HSB6/On+Shore+Technology+Inc./view-part/?ref=eda"; VariantName = "[No Variations]"
Add component (AddParameter): Name = "MF"; Value = "On Shore"; VariantName = "[No Variations]"
Add component (AddParameter): Name = "MP"; Value = "USB-B1HSB6"; VariantName = "[No Variations]"
Add component (AddParameter): Name = "Package"; Value = "None"; VariantName = "[No Variations]"
Add component (AddParameter): Name = "Price"; Value = "None"; VariantName = "[No Variations]"
Add component (AddParameter): Name = "Purchase-URL"; Value = "https://pricing.snapeda.com/search/part/USB-B1HSB6/?ref=eda"; VariantName = "[No Variations]"
Add component (AddParameter): Name = "SnapEDA_Link"; Value = "https://www.snapeda.com/parts/USB-B1HSB6/On+Shore+Technology+Inc./view-part/?ref=snap"; VariantName = "[No Variations]"
Add component (AddParameter): Name = "Value"; Value = ""; VariantName = "[No Variations]"
Added Component: Designator=X2(XT3)
Add component (AddParameter): Name = "Value"; Value = "4Mhz"; VariantName = "[No Variations]"
Added Component: Designator=Y1(XTAL_ECS-.327-7-34B-TR)
Add component (AddParameter): Name = "Check_prices"; Value = "https://www.snapeda.com/parts/ECS-.327-7-34B-TR/ECS/view-part/?ref=eda"; VariantName = "[No Variations]"
Add component (AddParameter): Name = "MF"; Value = "ECS Inc."; VariantName = "[No Variations]"
Add component (AddParameter): Name = "MP"; Value = "ECS-.327-7-34B-TR"; VariantName = "[No Variations]"
Add component (AddParameter): Name = "Package"; Value = "ECX-31B-34B-2 ECS"; VariantName = "[No Variations]"
Add component (AddParameter): Name = "SnapEDA_Link"; Value = "https://www.snapeda.com/parts/ECS-.327-7-34B-TR/ECS/view-part/?ref=snap"; VariantName = "[No Variations]"
Add component (AddParameter): Name = "Value"; Value = ""; VariantName = "[No Variations]"
Added Pin To Net: NetName=+3,3V Pin=C1-2
Added Pin To Net: NetName=+3,3V Pin=C2-2
Added Pin To Net: NetName=+3,3V Pin=C3-2
Added Pin To Net: NetName=+3,3V Pin=C4-2
Added Pin To Net: NetName=+3,3V Pin=C5-2
Added Pin To Net: NetName=+3,3V Pin=C6-2
Added Pin To Net: NetName=+3,3V Pin=C7-2
Added Pin To Net: NetName=+3,3V Pin=C8-2
Added Pin To Net: NetName=+3,3V Pin=C9-2
Added Pin To Net: NetName=+3,3V Pin=C10-2
Added Pin To Net: NetName=+3,3V Pin=C14-2
Added Pin To Net: NetName=+3,3V Pin=C15-2
Added Pin To Net: NetName=+3,3V Pin=C16-2
Added Pin To Net: NetName=+3,3V Pin=C17-2
Added Pin To Net: NetName=+3,3V Pin=C18-2
Added Pin To Net: NetName=+3,3V Pin=C19-2
Added Pin To Net: NetName=+3,3V Pin=C20-2
Added Pin To Net: NetName=+3,3V Pin=C21-2
Added Pin To Net: NetName=+3,3V Pin=C22-2
Added Pin To Net: NetName=+3,3V Pin=C23-2
Added Pin To Net: NetName=+3,3V Pin=C30-2
Added Pin To Net: NetName=+3,3V Pin=JP1-8
Added Pin To Net: NetName=+3,3V Pin=R1-1
Added Pin To Net: NetName=+3,3V Pin=R8-2
Added Pin To Net: NetName=+3,3V Pin=R10-2
Added Pin To Net: NetName=+3,3V Pin=R12-2
Added Pin To Net: NetName=+3,3V Pin=R14-2
Added Pin To Net: NetName=+3,3V Pin=R16-2
Added Pin To Net: NetName=+3,3V Pin=R18-2
Added Pin To Net: NetName=+3,3V Pin=R20-2
Added Pin To Net: NetName=+3,3V Pin=R22-2
Added Pin To Net: NetName=+3,3V Pin=R24-2
Added Pin To Net: NetName=+3,3V Pin=R26-2
Added Pin To Net: NetName=+3,3V Pin=R64-2
Added Pin To Net: NetName=+3,3V Pin=R66-2
Added Pin To Net: NetName=+3,3V Pin=R68-2
Added Pin To Net: NetName=+3,3V Pin=R70-2
Added Pin To Net: NetName=+3,3V Pin=R72-2
Added Pin To Net: NetName=+3,3V Pin=R74-2
Added Pin To Net: NetName=+3,3V Pin=R76-2
Added Pin To Net: NetName=+3,3V Pin=R78-2
Added Pin To Net: NetName=+3,3V Pin=R80-2
Added Pin To Net: NetName=+3,3V Pin=R82-2
Added Pin To Net: NetName=+3,3V Pin=STLINK2-1
Added Pin To Net: NetName=+3,3V Pin=U1-5
Added Pin To Net: NetName=+3,3V Pin=U2-21
Added Pin To Net: NetName=+3,3V Pin=U2-22
Added Pin To Net: NetName=+3,3V Pin=U2-28
Added Pin To Net: NetName=+3,3V Pin=U2-50
Added Pin To Net: NetName=+3,3V Pin=U2-51
Added Pin To Net: NetName=+3,3V Pin=U2-52
Added Pin To Net: NetName=+3,3V Pin=U2-75
Added Pin To Net: NetName=+3,3V Pin=U2-100
Added Pin To Net: NetName=+3,3V Pin=U3-3
Added Net: Name=+3,3V
Added Pin To Net: NetName=+5V Pin=R7-2
Added Pin To Net: NetName=+5V Pin=R9-2
Added Pin To Net: NetName=+5V Pin=R11-2
Added Pin To Net: NetName=+5V Pin=R13-2
Added Pin To Net: NetName=+5V Pin=R15-2
Added Pin To Net: NetName=+5V Pin=R17-2
Added Pin To Net: NetName=+5V Pin=R19-2
Added Pin To Net: NetName=+5V Pin=R21-2
Added Pin To Net: NetName=+5V Pin=R23-2
Added Pin To Net: NetName=+5V Pin=R25-2
Added Pin To Net: NetName=+5V Pin=R63-2
Added Pin To Net: NetName=+5V Pin=R65-2
Added Pin To Net: NetName=+5V Pin=R67-2
Added Pin To Net: NetName=+5V Pin=R69-2
Added Pin To Net: NetName=+5V Pin=R71-2
Added Pin To Net: NetName=+5V Pin=R73-2
Added Pin To Net: NetName=+5V Pin=R75-2
Added Pin To Net: NetName=+5V Pin=R77-2
Added Pin To Net: NetName=+5V Pin=R79-2
Added Pin To Net: NetName=+5V Pin=R81-2
Added Pin To Net: NetName=+5V Pin=U1-1
Added Pin To Net: NetName=+5V Pin=X1-1
Added Net: Name=+5V
Added Pin To Net: NetName=NetBT1_P1 Pin=BT1-P1
Added Pin To Net: NetName=NetBT1_P1 Pin=BT1-P2
Added Pin To Net: NetName=NetBT1_P1 Pin=U2-6
Added Net: Name=NetBT1_P1
Added Pin To Net: NetName=NetC11_2 Pin=C11-2
Added Pin To Net: NetName=NetC11_2 Pin=U1-3
Added Net: Name=NetC11_2
Added Pin To Net: NetName=NetC12_1 Pin=C12-1
Added Pin To Net: NetName=NetC12_1 Pin=U2-12
Added Pin To Net: NetName=NetC12_1 Pin=X2-1
Added Net: Name=NetC12_1
Added Pin To Net: NetName=NetC13_1 Pin=C13-1
Added Pin To Net: NetName=NetC13_1 Pin=U2-8
Added Pin To Net: NetName=NetC13_1 Pin=Y1-2
Added Net: Name=NetC13_1
Added Pin To Net: NetName=NetC24_1 Pin=C24-1
Added Pin To Net: NetName=NetC24_1 Pin=R2-2
Added Pin To Net: NetName=NetC24_1 Pin=X2-2
Added Net: Name=NetC24_1
Added Pin To Net: NetName=NetC25_1 Pin=C25-1
Added Pin To Net: NetName=NetC25_1 Pin=STLINK2-2
Added Pin To Net: NetName=NetC25_1 Pin=SW1-2
Added Pin To Net: NetName=NetC25_1 Pin=U2-14
Added Net: Name=NetC25_1
Added Pin To Net: NetName=NetC26_1 Pin=C26-1
Added Pin To Net: NetName=NetC26_1 Pin=U2-9
Added Pin To Net: NetName=NetC26_1 Pin=Y1-1
Added Net: Name=NetC26_1
Added Pin To Net: NetName=NetC27_2 Pin=C27-2
Added Pin To Net: NetName=NetC27_2 Pin=D1-1
Added Pin To Net: NetName=NetC27_2 Pin=P1-12
Added Pin To Net: NetName=NetC27_2 Pin=R3-2
Added Pin To Net: NetName=NetC27_2 Pin=U3-7
Added Net: Name=NetC27_2
Added Pin To Net: NetName=NetC28_2 Pin=C28-2
Added Pin To Net: NetName=NetC28_2 Pin=R4-1
Added Pin To Net: NetName=NetC28_2 Pin=R5-2
Added Net: Name=NetC28_2
Added Pin To Net: NetName=NetC29_1 Pin=C29-1
Added Pin To Net: NetName=NetC29_1 Pin=U2-81
Added Pin To Net: NetName=NetC29_1 Pin=U3-4
Added Net: Name=NetC29_1
Added Pin To Net: NetName=NetC31_2 Pin=C31-2
Added Pin To Net: NetName=NetC31_2 Pin=U2-82
Added Pin To Net: NetName=NetC31_2 Pin=U3-1
Added Net: Name=NetC31_2
Added Pin To Net: NetName=NetC32_2 Pin=C32-2
Added Pin To Net: NetName=NetC32_2 Pin=R6-1
Added Net: Name=NetC32_2
Added Pin To Net: NetName=NetC34_1 Pin=C34-1
Added Pin To Net: NetName=NetC34_1 Pin=U2-29
Added Pin To Net: NetName=NetC34_1 Pin=U24-3
Added Net: Name=NetC34_1
Added Pin To Net: NetName=NetC35_1 Pin=C35-1
Added Pin To Net: NetName=NetC35_1 Pin=U2-31
Added Pin To Net: NetName=NetC35_1 Pin=U25-3
Added Net: Name=NetC35_1
Added Pin To Net: NetName=NetC36_1 Pin=C36-1
Added Pin To Net: NetName=NetC36_1 Pin=U2-30
Added Pin To Net: NetName=NetC36_1 Pin=U28-3
Added Net: Name=NetC36_1
Added Pin To Net: NetName=NetD2_3 Pin=D2-3
Added Pin To Net: NetName=NetD2_3 Pin=R43-2
Added Pin To Net: NetName=NetD2_3 Pin=U2-62
Added Net: Name=NetD2_3
Added Pin To Net: NetName=NetD3_3 Pin=D3-3
Added Pin To Net: NetName=NetD3_3 Pin=D10-3
Added Pin To Net: NetName=NetD3_3 Pin=R44-2
Added Pin To Net: NetName=NetD3_3 Pin=R59-2
Added Pin To Net: NetName=NetD3_3 Pin=U2-59
Added Net: Name=NetD3_3
Added Pin To Net: NetName=NetD4_3 Pin=D4-3
Added Pin To Net: NetName=NetD4_3 Pin=R45-2
Added Pin To Net: NetName=NetD4_3 Pin=U2-53
Added Net: Name=NetD4_3
Added Pin To Net: NetName=NetD5_3 Pin=D5-3
Added Pin To Net: NetName=NetD5_3 Pin=R49-2
Added Pin To Net: NetName=NetD5_3 Pin=U2-61
Added Net: Name=NetD5_3
Added Pin To Net: NetName=NetD6_3 Pin=D6-3
Added Pin To Net: NetName=NetD6_3 Pin=R50-2
Added Pin To Net: NetName=NetD6_3 Pin=U2-58
Added Net: Name=NetD6_3
Added Pin To Net: NetName=NetD7_3 Pin=D7-3
Added Pin To Net: NetName=NetD7_3 Pin=R51-2
Added Pin To Net: NetName=NetD7_3 Pin=U2-54
Added Net: Name=NetD7_3
Added Pin To Net: NetName=NetD8_3 Pin=D8-3
Added Pin To Net: NetName=NetD8_3 Pin=R55-2
Added Pin To Net: NetName=NetD8_3 Pin=U2-60
Added Net: Name=NetD8_3
Added Pin To Net: NetName=NetD9_3 Pin=D9-3
Added Pin To Net: NetName=NetD9_3 Pin=R56-2
Added Pin To Net: NetName=NetD9_3 Pin=U2-57
Added Net: Name=NetD9_3
Added Pin To Net: NetName=NetD11_3 Pin=D11-3
Added Pin To Net: NetName=NetD11_3 Pin=R60-2
Added Pin To Net: NetName=NetD11_3 Pin=U2-56
Added Net: Name=NetD11_3
Added Pin To Net: NetName=NetD12_3 Pin=D12-3
Added Pin To Net: NetName=NetD12_3 Pin=R83-2
Added Pin To Net: NetName=NetD12_3 Pin=U2-46
Added Net: Name=NetD12_3
Added Pin To Net: NetName=NetD13_3 Pin=D13-3
Added Pin To Net: NetName=NetD13_3 Pin=R84-2
Added Pin To Net: NetName=NetD13_3 Pin=U2-42
Added Net: Name=NetD13_3
Added Pin To Net: NetName=NetD14_3 Pin=D14-3
Added Pin To Net: NetName=NetD14_3 Pin=R85-2
Added Pin To Net: NetName=NetD14_3 Pin=U2-38
Added Net: Name=NetD14_3
Added Pin To Net: NetName=NetD15_3 Pin=D15-3
Added Pin To Net: NetName=NetD15_3 Pin=R89-2
Added Pin To Net: NetName=NetD15_3 Pin=U2-45
Added Net: Name=NetD15_3
Added Pin To Net: NetName=NetD16_3 Pin=D16-3
Added Pin To Net: NetName=NetD16_3 Pin=R90-2
Added Pin To Net: NetName=NetD16_3 Pin=U2-41
Added Net: Name=NetD16_3
Added Pin To Net: NetName=NetD17_3 Pin=D17-3
Added Pin To Net: NetName=NetD17_3 Pin=R91-2
Added Pin To Net: NetName=NetD17_3 Pin=U2-37
Added Net: Name=NetD17_3
Added Pin To Net: NetName=NetD18_3 Pin=D18-3
Added Pin To Net: NetName=NetD18_3 Pin=R95-2
Added Pin To Net: NetName=NetD18_3 Pin=U2-44
Added Net: Name=NetD18_3
Added Pin To Net: NetName=NetD19_3 Pin=D19-3
Added Pin To Net: NetName=NetD19_3 Pin=R96-2
Added Pin To Net: NetName=NetD19_3 Pin=U2-40
Added Net: Name=NetD19_3
Added Pin To Net: NetName=NetD20_3 Pin=D20-3
Added Pin To Net: NetName=NetD20_3 Pin=R97-2
Added Pin To Net: NetName=NetD20_3 Pin=U2-36
Added Net: Name=NetD20_3
Added Pin To Net: NetName=NetD21_3 Pin=D21-3
Added Pin To Net: NetName=NetD21_3 Pin=R101-2
Added Pin To Net: NetName=NetD21_3 Pin=U2-43
Added Net: Name=NetD21_3
Added Pin To Net: NetName=NetD22_3 Pin=D22-3
Added Pin To Net: NetName=NetD22_3 Pin=R102-2
Added Pin To Net: NetName=NetD22_3 Pin=U2-39
Added Net: Name=NetD22_3
Added Pin To Net: NetName=NetD23_3 Pin=D23-3
Added Pin To Net: NetName=NetD23_3 Pin=R103-2
Added Pin To Net: NetName=NetD23_3 Pin=U2-35
Added Net: Name=NetD23_3
Added Pin To Net: NetName=NetD25_2 Pin=D25-2
Added Pin To Net: NetName=NetD25_2 Pin=R122-2
Added Net: Name=NetD25_2
Added Pin To Net: NetName=NetD26_2 Pin=D26-2
Added Pin To Net: NetName=NetD26_2 Pin=R123-2
Added Net: Name=NetD26_2
Added Pin To Net: NetName=NetD27_2 Pin=D27-2
Added Pin To Net: NetName=NetD27_2 Pin=R124-2
Added Net: Name=NetD27_2
Added Pin To Net: NetName=NetF1_1 Pin=F1-1
Added Pin To Net: NetName=NetF1_1 Pin=P4-2
Added Net: Name=NetF1_1
Added Pin To Net: NetName=NetF1_2 Pin=F1-2
Added Pin To Net: NetName=NetF1_2 Pin=Q1-5
Added Net: Name=NetF1_2
Added Pin To Net: NetName=NetF2_1 Pin=F2-1
Added Pin To Net: NetName=NetF2_1 Pin=P4-8
Added Net: Name=NetF2_1
Added Pin To Net: NetName=NetF2_2 Pin=F2-2
Added Pin To Net: NetName=NetF2_2 Pin=Q2-5
Added Net: Name=NetF2_2
Added Pin To Net: NetName=NetF3_1 Pin=F3-1
Added Pin To Net: NetName=NetF3_1 Pin=P4-7
Added Net: Name=NetF3_1
Added Pin To Net: NetName=NetF3_2 Pin=F3-2
Added Pin To Net: NetName=NetF3_2 Pin=Q3-5
Added Net: Name=NetF3_2
Added Pin To Net: NetName=NetF4_1 Pin=F4-1
Added Pin To Net: NetName=NetF4_1 Pin=P4-5
Added Net: Name=NetF4_1
Added Pin To Net: NetName=NetF4_2 Pin=F4-2
Added Pin To Net: NetName=NetF4_2 Pin=Q4-5
Added Net: Name=NetF4_2
Added Pin To Net: NetName=NetF5_1 Pin=F5-1
Added Pin To Net: NetName=NetF5_1 Pin=P4-3
Added Net: Name=NetF5_1
Added Pin To Net: NetName=NetF5_2 Pin=F5-2
Added Pin To Net: NetName=NetF5_2 Pin=Q5-5
Added Net: Name=NetF5_2
Added Pin To Net: NetName=NetF6_1 Pin=F6-1
Added Pin To Net: NetName=NetF6_1 Pin=P4-9
Added Net: Name=NetF6_1
Added Pin To Net: NetName=NetF6_2 Pin=F6-2
Added Pin To Net: NetName=NetF6_2 Pin=Q6-5
Added Net: Name=NetF6_2
Added Pin To Net: NetName=NetF7_1 Pin=F7-1
Added Pin To Net: NetName=NetF7_1 Pin=P4-6
Added Net: Name=NetF7_1
Added Pin To Net: NetName=NetF7_2 Pin=F7-2
Added Pin To Net: NetName=NetF7_2 Pin=Q7-5
Added Net: Name=NetF7_2
Added Pin To Net: NetName=NetF8_1 Pin=F8-1
Added Pin To Net: NetName=NetF8_1 Pin=P4-4
Added Net: Name=NetF8_1
Added Pin To Net: NetName=NetF8_2 Pin=F8-2
Added Pin To Net: NetName=NetF8_2 Pin=Q8-5
Added Net: Name=NetF8_2
Added Pin To Net: NetName=NetJP1_1 Pin=JP1-1
Added Pin To Net: NetName=NetJP1_1 Pin=U2-88
Added Net: Name=NetJP1_1
Added Pin To Net: NetName=NetJP1_2 Pin=JP1-2
Added Pin To Net: NetName=NetJP1_2 Pin=U2-87
Added Net: Name=NetJP1_2
Added Pin To Net: NetName=NetJP1_3 Pin=JP1-3
Added Pin To Net: NetName=NetJP1_3 Pin=U2-86
Added Net: Name=NetJP1_3
Added Pin To Net: NetName=NetJP1_4 Pin=JP1-4
Added Pin To Net: NetName=NetJP1_4 Pin=U2-85
Added Net: Name=NetJP1_4
Added Pin To Net: NetName=NetJP1_5 Pin=JP1-5
Added Pin To Net: NetName=NetJP1_5 Pin=U2-84
Added Net: Name=NetJP1_5
Added Pin To Net: NetName=NetJP1_6 Pin=JP1-6
Added Pin To Net: NetName=NetJP1_6 Pin=U2-47
Added Net: Name=NetJP1_6
Added Pin To Net: NetName=NetMax 1_1 Pin=Max 1-1
Added Pin To Net: NetName=NetMax 1_1 Pin=R83-1
Added Pin To Net: NetName=NetMax 1_1 Pin=R86-2
Added Net: Name=NetMax 1_1
Added Pin To Net: NetName=NetMax 1_2 Pin=Max 1-2
Added Pin To Net: NetName=NetMax 1_2 Pin=P2-1
Added Net: Name=NetMax 1_2
Added Pin To Net: NetName=NetMax 2_1 Pin=Max 2-1
Added Pin To Net: NetName=NetMax 2_1 Pin=R84-1
Added Pin To Net: NetName=NetMax 2_1 Pin=R87-2
Added Net: Name=NetMax 2_1
Added Pin To Net: NetName=NetMax 2_2 Pin=Max 2-2
Added Pin To Net: NetName=NetMax 2_2 Pin=P2-5
Added Net: Name=NetMax 2_2
Added Pin To Net: NetName=NetMax 3_1 Pin=Max 3-1
Added Pin To Net: NetName=NetMax 3_1 Pin=R85-1
Added Pin To Net: NetName=NetMax 3_1 Pin=R88-2
Added Net: Name=NetMax 3_1
Added Pin To Net: NetName=NetMax 3_2 Pin=Max 3-2
Added Pin To Net: NetName=NetMax 3_2 Pin=P2-9
Added Net: Name=NetMax 3_2
Added Pin To Net: NetName=NetMax 4_1 Pin=Max 4-1
Added Pin To Net: NetName=NetMax 4_1 Pin=R89-1
Added Pin To Net: NetName=NetMax 4_1 Pin=R92-2
Added Net: Name=NetMax 4_1
Added Pin To Net: NetName=NetMax 4_2 Pin=Max 4-2
Added Pin To Net: NetName=NetMax 4_2 Pin=P2-2
Added Net: Name=NetMax 4_2
Added Pin To Net: NetName=NetMax 5_1 Pin=Max 5-1
Added Pin To Net: NetName=NetMax 5_1 Pin=R90-1
Added Pin To Net: NetName=NetMax 5_1 Pin=R93-2
Added Net: Name=NetMax 5_1
Added Pin To Net: NetName=NetMax 5_2 Pin=Max 5-2
Added Pin To Net: NetName=NetMax 5_2 Pin=P2-6
Added Net: Name=NetMax 5_2
Added Pin To Net: NetName=NetMax 6_1 Pin=Max 6-1
Added Pin To Net: NetName=NetMax 6_1 Pin=R91-1
Added Pin To Net: NetName=NetMax 6_1 Pin=R94-2
Added Net: Name=NetMax 6_1
Added Pin To Net: NetName=NetMax 6_2 Pin=Max 6-2
Added Pin To Net: NetName=NetMax 6_2 Pin=P2-10
Added Net: Name=NetMax 6_2
Added Pin To Net: NetName=NetMax 7_1 Pin=Max 7-1
Added Pin To Net: NetName=NetMax 7_1 Pin=R95-1
Added Pin To Net: NetName=NetMax 7_1 Pin=R98-2
Added Net: Name=NetMax 7_1
Added Pin To Net: NetName=NetMax 7_2 Pin=Max 7-2
Added Pin To Net: NetName=NetMax 7_2 Pin=P2-3
Added Net: Name=NetMax 7_2
Added Pin To Net: NetName=NetMax 8_1 Pin=Max 8-1
Added Pin To Net: NetName=NetMax 8_1 Pin=R96-1
Added Pin To Net: NetName=NetMax 8_1 Pin=R99-2
Added Net: Name=NetMax 8_1
Added Pin To Net: NetName=NetMax 8_2 Pin=Max 8-2
Added Pin To Net: NetName=NetMax 8_2 Pin=P2-7
Added Net: Name=NetMax 8_2
Added Pin To Net: NetName=NetMax 9_1 Pin=Max 9-1
Added Pin To Net: NetName=NetMax 9_1 Pin=R97-1
Added Pin To Net: NetName=NetMax 9_1 Pin=R100-2
Added Net: Name=NetMax 9_1
Added Pin To Net: NetName=NetMax 9_2 Pin=Max 9-2
Added Pin To Net: NetName=NetMax 9_2 Pin=P2-11
Added Net: Name=NetMax 9_2
Added Pin To Net: NetName=NetMax 10_1 Pin=Max 10-1
Added Pin To Net: NetName=NetMax 10_1 Pin=R101-1
Added Pin To Net: NetName=NetMax 10_1 Pin=R104-2
Added Net: Name=NetMax 10_1
Added Pin To Net: NetName=NetMax 10_2 Pin=Max 10-2
Added Pin To Net: NetName=NetMax 10_2 Pin=P2-4
Added Net: Name=NetMax 10_2
Added Pin To Net: NetName=NetMax 11_1 Pin=Max 11-1
Added Pin To Net: NetName=NetMax 11_1 Pin=R102-1
Added Pin To Net: NetName=NetMax 11_1 Pin=R105-2
Added Net: Name=NetMax 11_1
Added Pin To Net: NetName=NetMax 11_2 Pin=Max 11-2
Added Pin To Net: NetName=NetMax 11_2 Pin=P2-8
Added Net: Name=NetMax 11_2
Added Pin To Net: NetName=NetMax 12_1 Pin=Max 12-1
Added Pin To Net: NetName=NetMax 12_1 Pin=R103-1
Added Pin To Net: NetName=NetMax 12_1 Pin=R106-2
Added Net: Name=NetMax 12_1
Added Pin To Net: NetName=NetMax 12_2 Pin=Max 12-2
Added Pin To Net: NetName=NetMax 12_2 Pin=P2-12
Added Net: Name=NetMax 12_2
Added Pin To Net: NetName=NetMax 30mA_1 Pin=Max 30mA-1
Added Pin To Net: NetName=NetMax 30mA_1 Pin=R59-1
Added Pin To Net: NetName=NetMax 30mA_1 Pin=R61-2
Added Net: Name=NetMax 30mA_1
Add Net: Net with name "NetMax 30mA_1" already exists
Add Net: Net with name "NetMax 30mA_1" already exists
Add Net: Net with name "NetMax 30mA_1" already exists
Add Net: Net with name "NetMax 30mA_1" already exists
Add Net: Net with name "NetMax 30mA_1" already exists
Add Net: Net with name "NetMax 30mA_1" already exists
Add Net: Net with name "NetMax 30mA_1" already exists
Add Net: Net with name "NetMax 30mA_1" already exists
Add Net: Net with name "NetMax 30mA_1" already exists
Added Pin To Net: NetName=NetMax 30mA_2 Pin=Max 30mA-2
Added Pin To Net: NetName=NetMax 30mA_2 Pin=P5-9
Added Net: Name=NetMax 30mA_2
Add Net: Net with name "NetMax 30mA_2" already exists
Add Net: Net with name "NetMax 30mA_2" already exists
Add Net: Net with name "NetMax 30mA_2" already exists
Add Net: Net with name "NetMax 30mA_2" already exists
Add Net: Net with name "NetMax 30mA_2" already exists
Add Net: Net with name "NetMax 30mA_2" already exists
Add Net: Net with name "NetMax 30mA_2" already exists
Add Net: Net with name "NetMax 30mA_2" already exists
Add Net: Net with name "NetMax 30mA_2" already exists
Added Pin To Net: NetName=NetP1_1 Pin=P1-1
Added Net: Name=NetP1_1
Added Pin To Net: NetName=NetP1_2 Pin=P1-2
Added Net: Name=NetP1_2
Added Pin To Net: NetName=NetP1_3 Pin=P1-3
Added Net: Name=NetP1_3
Added Pin To Net: NetName=NetP1_4 Pin=P1-4
Added Net: Name=NetP1_4
Added Pin To Net: NetName=NetP1_5 Pin=P1-5
Added Net: Name=NetP1_5
Added Pin To Net: NetName=NetP1_6 Pin=P1-6
Added Net: Name=NetP1_6
Added Pin To Net: NetName=NetP1_7 Pin=P1-7
Added Pin To Net: NetName=NetP1_7 Pin=R79-1
Added Pin To Net: NetName=NetP1_7 Pin=U22-1
Added Net: Name=NetP1_7
Added Pin To Net: NetName=NetP1_8 Pin=P1-8
Added Pin To Net: NetName=NetP1_8 Pin=R75-1
Added Pin To Net: NetName=NetP1_8 Pin=U20-1
Added Net: Name=NetP1_8
Added Pin To Net: NetName=NetP1_9 Pin=P1-9
Added Pin To Net: NetName=NetP1_9 Pin=R69-1
Added Pin To Net: NetName=NetP1_9 Pin=U17-1
Added Net: Name=NetP1_9
Added Pin To Net: NetName=NetP1_10 Pin=P1-10
Added Pin To Net: NetName=NetP1_10 Pin=R63-1
Added Pin To Net: NetName=NetP1_10 Pin=U14-1
Added Net: Name=NetP1_10
Added Pin To Net: NetName=NetP3_1 Pin=P3-1
Added Pin To Net: NetName=NetP3_1 Pin=R110-1
Added Pin To Net: NetName=NetP3_1 Pin=R116-1
Added Net: Name=NetP3_1
Added Pin To Net: NetName=NetP3_2 Pin=P3-2
Added Pin To Net: NetName=NetP3_2 Pin=R118-1
Added Pin To Net: NetName=NetP3_2 Pin=R121-1
Added Net: Name=NetP3_2
Added Pin To Net: NetName=NetP3_3 Pin=P3-3
Added Pin To Net: NetName=NetP3_3 Pin=R109-1
Added Pin To Net: NetName=NetP3_3 Pin=R114-1
Added Net: Name=NetP3_3
Added Pin To Net: NetName=NetP4_1 Pin=P4-1
Added Pin To Net: NetName=NetP4_1 Pin=R7-1
Added Pin To Net: NetName=NetP4_1 Pin=S1-1B
Added Pin To Net: NetName=NetP4_1 Pin=U4-1
Added Net: Name=NetP4_1
Added Pin To Net: NetName=NetP6_1 Pin=P6-1
Added Pin To Net: NetName=NetP6_1 Pin=R25-1
Added Pin To Net: NetName=NetP6_1 Pin=S1-10B
Added Pin To Net: NetName=NetP6_1 Pin=U13-1
Added Net: Name=NetP6_1
Added Pin To Net: NetName=NetP6_2 Pin=P6-2
Added Pin To Net: NetName=NetP6_2 Pin=R21-1
Added Pin To Net: NetName=NetP6_2 Pin=S1-9B
Added Pin To Net: NetName=NetP6_2 Pin=U11-1
Added Net: Name=NetP6_2
Added Pin To Net: NetName=NetP6_3 Pin=P6-3
Added Pin To Net: NetName=NetP6_3 Pin=R17-1
Added Pin To Net: NetName=NetP6_3 Pin=S1-8B
Added Pin To Net: NetName=NetP6_3 Pin=U9-1
Added Net: Name=NetP6_3
Added Pin To Net: NetName=NetP6_4 Pin=P6-4
Added Pin To Net: NetName=NetP6_4 Pin=R13-1
Added Pin To Net: NetName=NetP6_4 Pin=S1-7B
Added Pin To Net: NetName=NetP6_4 Pin=U7-1
Added Net: Name=NetP6_4
Added Pin To Net: NetName=NetP6_5 Pin=P6-5
Added Pin To Net: NetName=NetP6_5 Pin=R9-1
Added Pin To Net: NetName=NetP6_5 Pin=S1-6B
Added Pin To Net: NetName=NetP6_5 Pin=U5-1
Added Net: Name=NetP6_5
Added Pin To Net: NetName=NetP6_6 Pin=P6-6
Added Pin To Net: NetName=NetP6_6 Pin=R23-1
Added Pin To Net: NetName=NetP6_6 Pin=S1-5B
Added Pin To Net: NetName=NetP6_6 Pin=U12-1
Added Net: Name=NetP6_6
Added Pin To Net: NetName=NetP6_7 Pin=P6-7
Added Pin To Net: NetName=NetP6_7 Pin=R19-1
Added Pin To Net: NetName=NetP6_7 Pin=S1-4B
Added Pin To Net: NetName=NetP6_7 Pin=U10-1
Added Net: Name=NetP6_7
Added Pin To Net: NetName=NetP6_8 Pin=P6-8
Added Pin To Net: NetName=NetP6_8 Pin=R15-1
Added Pin To Net: NetName=NetP6_8 Pin=S1-3B
Added Pin To Net: NetName=NetP6_8 Pin=U8-1
Added Net: Name=NetP6_8
Added Pin To Net: NetName=NetP6_9 Pin=P6-9
Added Pin To Net: NetName=NetP6_9 Pin=R11-1
Added Pin To Net: NetName=NetP6_9 Pin=S1-2B
Added Pin To Net: NetName=NetP6_9 Pin=U6-1
Added Net: Name=NetP6_9
Added Pin To Net: NetName=NetQ1_4 Pin=Q1-4
Added Pin To Net: NetName=NetQ1_4 Pin=R27-2
Added Net: Name=NetQ1_4
Added Pin To Net: NetName=NetQ2_4 Pin=Q2-4
Added Pin To Net: NetName=NetQ2_4 Pin=R28-2
Added Net: Name=NetQ2_4
Added Pin To Net: NetName=NetQ3_4 Pin=Q3-4
Added Pin To Net: NetName=NetQ3_4 Pin=R29-2
Added Net: Name=NetQ3_4
Added Pin To Net: NetName=NetQ4_4 Pin=Q4-4
Added Pin To Net: NetName=NetQ4_4 Pin=R33-2
Added Net: Name=NetQ4_4
Added Pin To Net: NetName=NetQ5_4 Pin=Q5-4
Added Pin To Net: NetName=NetQ5_4 Pin=R34-2
Added Net: Name=NetQ5_4
Added Pin To Net: NetName=NetQ6_4 Pin=Q6-4
Added Pin To Net: NetName=NetQ6_4 Pin=R35-2
Added Net: Name=NetQ6_4
Added Pin To Net: NetName=NetQ7_4 Pin=Q7-4
Added Pin To Net: NetName=NetQ7_4 Pin=R39-2
Added Net: Name=NetQ7_4
Added Pin To Net: NetName=NetQ8_4 Pin=Q8-4
Added Pin To Net: NetName=NetQ8_4 Pin=R40-2
Added Net: Name=NetQ8_4
Added Pin To Net: NetName=NetQ9_1 Pin=U24-1
Added Net: Name=NetQ9_1
Added Pin To Net: NetName=NetQ9_2 Pin=R107-2
Added Pin To Net: NetName=NetQ9_2 Pin=R109-2
Added Net: Name=NetQ9_2
Added Pin To Net: NetName=NetQ10_1 Pin=U25-1
Added Net: Name=NetQ10_1
Added Pin To Net: NetName=NetQ10_2 Pin=R108-2
Added Pin To Net: NetName=NetQ10_2 Pin=R110-2
Added Net: Name=NetQ10_2
Added Pin To Net: NetName=NetQ11_1 Pin=U28-1
Added Net: Name=NetQ11_1
Added Pin To Net: NetName=NetQ11_2 Pin=R117-2
Added Pin To Net: NetName=NetQ11_2 Pin=R118-2
Added Net: Name=NetQ11_2
Added Pin To Net: NetName=NetR1_2 Pin=R1-2
Added Pin To Net: NetName=NetR1_2 Pin=X1-3
Added Net: Name=NetR1_2
Added Pin To Net: NetName=NetR2_1 Pin=R2-1
Added Pin To Net: NetName=NetR2_1 Pin=U2-13
Added Net: Name=NetR2_1
Added Pin To Net: NetName=NetR3_1 Pin=R3-1
Added Pin To Net: NetName=NetR3_1 Pin=R4-2
Added Net: Name=NetR3_1
Added Pin To Net: NetName=NetR5_1 Pin=R5-1
Added Pin To Net: NetName=NetR5_1 Pin=R6-2
Added Net: Name=NetR5_1
Added Pin To Net: NetName=NetR8_1 Pin=R8-1
Added Pin To Net: NetName=NetR8_1 Pin=U2-11
Added Pin To Net: NetName=NetR8_1 Pin=U4-4
Added Net: Name=NetR8_1
Added Pin To Net: NetName=NetR10_1 Pin=R10-1
Added Pin To Net: NetName=NetR10_1 Pin=U2-5
Added Pin To Net: NetName=NetR10_1 Pin=U5-4
Added Net: Name=NetR10_1
Added Pin To Net: NetName=NetR12_1 Pin=R12-1
Added Pin To Net: NetName=NetR12_1 Pin=U2-10
Added Pin To Net: NetName=NetR12_1 Pin=U6-4
Added Net: Name=NetR12_1
Added Pin To Net: NetName=NetR14_1 Pin=R14-1
Added Pin To Net: NetName=NetR14_1 Pin=U2-4
Added Pin To Net: NetName=NetR14_1 Pin=U7-4
Added Net: Name=NetR14_1
Added Pin To Net: NetName=NetR16_1 Pin=R16-1
Added Pin To Net: NetName=NetR16_1 Pin=U2-90
Added Pin To Net: NetName=NetR16_1 Pin=U8-4
Added Net: Name=NetR16_1
Added Pin To Net: NetName=NetR18_1 Pin=R18-1
Added Pin To Net: NetName=NetR18_1 Pin=U2-3
Added Pin To Net: NetName=NetR18_1 Pin=U9-4
Added Net: Name=NetR18_1
Added Pin To Net: NetName=NetR20_1 Pin=R20-1
Added Pin To Net: NetName=NetR20_1 Pin=U2-91
Added Pin To Net: NetName=NetR20_1 Pin=U10-4
Added Net: Name=NetR20_1
Added Pin To Net: NetName=NetR22_1 Pin=R22-1
Added Pin To Net: NetName=NetR22_1 Pin=U2-2
Added Pin To Net: NetName=NetR22_1 Pin=U11-4
Added Net: Name=NetR22_1
Added Pin To Net: NetName=NetR24_1 Pin=R24-1
Added Pin To Net: NetName=NetR24_1 Pin=U2-7
Added Pin To Net: NetName=NetR24_1 Pin=U12-4
Added Net: Name=NetR24_1
Added Pin To Net: NetName=NetR26_1 Pin=R26-1
Added Pin To Net: NetName=NetR26_1 Pin=U2-1
Added Pin To Net: NetName=NetR26_1 Pin=U13-4
Added Net: Name=NetR26_1
Added Pin To Net: NetName=NetR27_1 Pin=R27-1
Added Pin To Net: NetName=NetR27_1 Pin=R30-2
Added Pin To Net: NetName=NetR27_1 Pin=U2-15
Added Net: Name=NetR27_1
Added Pin To Net: NetName=NetR28_1 Pin=R28-1
Added Pin To Net: NetName=NetR28_1 Pin=R31-2
Added Pin To Net: NetName=NetR28_1 Pin=U2-68
Added Net: Name=NetR28_1
Added Pin To Net: NetName=NetR29_1 Pin=R29-1
Added Pin To Net: NetName=NetR29_1 Pin=R32-2
Added Pin To Net: NetName=NetR29_1 Pin=U2-24
Added Net: Name=NetR29_1
Added Pin To Net: NetName=NetR33_1 Pin=R33-1
Added Pin To Net: NetName=NetR33_1 Pin=R36-2
Added Pin To Net: NetName=NetR33_1 Pin=U2-18
Added Net: Name=NetR33_1
Added Pin To Net: NetName=NetR34_1 Pin=R34-1
Added Pin To Net: NetName=NetR34_1 Pin=R37-2
Added Pin To Net: NetName=NetR34_1 Pin=U2-16
Added Net: Name=NetR34_1
Added Pin To Net: NetName=NetR35_1 Pin=R35-1
Added Pin To Net: NetName=NetR35_1 Pin=R38-2
Added Pin To Net: NetName=NetR35_1 Pin=U2-69
Added Net: Name=NetR35_1
Added Pin To Net: NetName=NetR39_1 Pin=R39-1
Added Pin To Net: NetName=NetR39_1 Pin=R41-2
Added Pin To Net: NetName=NetR39_1 Pin=U2-23
Added Net: Name=NetR39_1
Added Pin To Net: NetName=NetR40_1 Pin=R40-1
Added Pin To Net: NetName=NetR40_1 Pin=R42-2
Added Pin To Net: NetName=NetR40_1 Pin=U2-17
Added Net: Name=NetR40_1
Added Pin To Net: NetName=NetR64_1 Pin=R64-1
Added Pin To Net: NetName=NetR64_1 Pin=U2-96
Added Pin To Net: NetName=NetR64_1 Pin=U14-4
Added Net: Name=NetR64_1
Added Pin To Net: NetName=NetR65_1 Pin=R65-1
Added Pin To Net: NetName=NetR65_1 Pin=U15-1
Added Net: Name=NetR65_1
Added Pin To Net: NetName=NetR66_1 Pin=R66-1
Added Pin To Net: NetName=NetR66_1 Pin=U2-93
Added Pin To Net: NetName=NetR66_1 Pin=U15-4
Added Net: Name=NetR66_1
Added Pin To Net: NetName=NetR67_1 Pin=R67-1
Added Pin To Net: NetName=NetR67_1 Pin=U16-1
Added Net: Name=NetR67_1
Added Pin To Net: NetName=NetR68_1 Pin=R68-1
Added Pin To Net: NetName=NetR68_1 Pin=U2-64
Added Pin To Net: NetName=NetR68_1 Pin=U16-4
Added Net: Name=NetR68_1
Added Pin To Net: NetName=NetR70_1 Pin=R70-1
Added Pin To Net: NetName=NetR70_1 Pin=U2-95
Added Pin To Net: NetName=NetR70_1 Pin=U17-4
Added Net: Name=NetR70_1
Added Pin To Net: NetName=NetR71_1 Pin=R71-1
Added Pin To Net: NetName=NetR71_1 Pin=U18-1
Added Net: Name=NetR71_1
Added Pin To Net: NetName=NetR72_1 Pin=R72-1
Added Pin To Net: NetName=NetR72_1 Pin=U2-92
Added Pin To Net: NetName=NetR72_1 Pin=U18-4
Added Net: Name=NetR72_1
Added Pin To Net: NetName=NetR73_1 Pin=R73-1
Added Pin To Net: NetName=NetR73_1 Pin=U19-1
Added Net: Name=NetR73_1
Added Pin To Net: NetName=NetR74_1 Pin=R74-1
Added Pin To Net: NetName=NetR74_1 Pin=U2-63
Added Pin To Net: NetName=NetR74_1 Pin=U19-4
Added Net: Name=NetR74_1
Added Pin To Net: NetName=NetR76_1 Pin=R76-1
Added Pin To Net: NetName=NetR76_1 Pin=U2-25
Added Pin To Net: NetName=NetR76_1 Pin=U20-4
Added Net: Name=NetR76_1
Added Pin To Net: NetName=NetR77_1 Pin=R77-1
Added Pin To Net: NetName=NetR77_1 Pin=U21-1
Added Net: Name=NetR77_1
Added Pin To Net: NetName=NetR78_1 Pin=R78-1
Added Pin To Net: NetName=NetR78_1 Pin=U2-79
Added Pin To Net: NetName=NetR78_1 Pin=U21-4
Added Net: Name=NetR78_1
Added Pin To Net: NetName=NetR80_1 Pin=R80-1
Added Pin To Net: NetName=NetR80_1 Pin=U2-26
Added Pin To Net: NetName=NetR80_1 Pin=U22-4
Added Net: Name=NetR80_1
Added Pin To Net: NetName=NetR81_1 Pin=R81-1
Added Pin To Net: NetName=NetR81_1 Pin=U23-1
Added Net: Name=NetR81_1
Added Pin To Net: NetName=NetR82_1 Pin=R82-1
Added Pin To Net: NetName=NetR82_1 Pin=U2-78
Added Pin To Net: NetName=NetR82_1 Pin=U23-4
Added Net: Name=NetR82_1
Added Pin To Net: NetName=NetR107_1 Pin=R107-1
Added Pin To Net: NetName=NetR107_1 Pin=R111-2
Added Pin To Net: NetName=NetR107_1 Pin=U26-3
Added Net: Name=NetR107_1
Added Pin To Net: NetName=NetR108_1 Pin=R108-1
Added Pin To Net: NetName=NetR108_1 Pin=R112-2
Added Pin To Net: NetName=NetR108_1 Pin=U27-3
Added Net: Name=NetR108_1
Added Pin To Net: NetName=NetR113_1 Pin=R113-1
Added Pin To Net: NetName=NetR113_1 Pin=R114-2
Added Pin To Net: NetName=NetR113_1 Pin=U26-2
Added Net: Name=NetR113_1
Added Pin To Net: NetName=NetR113_2 Pin=R113-2
Added Pin To Net: NetName=NetR113_2 Pin=U24-2
Added Pin To Net: NetName=NetR113_2 Pin=U26-1
Added Net: Name=NetR113_2
Added Pin To Net: NetName=NetR115_1 Pin=R115-1
Added Pin To Net: NetName=NetR115_1 Pin=R116-2
Added Pin To Net: NetName=NetR115_1 Pin=U27-2
Added Net: Name=NetR115_1
Added Pin To Net: NetName=NetR115_2 Pin=R115-2
Added Pin To Net: NetName=NetR115_2 Pin=U25-2
Added Pin To Net: NetName=NetR115_2 Pin=U27-1
Added Net: Name=NetR115_2
Added Pin To Net: NetName=NetR117_1 Pin=R117-1
Added Pin To Net: NetName=NetR117_1 Pin=R119-2
Added Pin To Net: NetName=NetR117_1 Pin=U29-3
Added Net: Name=NetR117_1
Added Pin To Net: NetName=NetR120_1 Pin=R120-1
Added Pin To Net: NetName=NetR120_1 Pin=R121-2
Added Pin To Net: NetName=NetR120_1 Pin=U29-2
Added Net: Name=NetR120_1
Added Pin To Net: NetName=NetR120_2 Pin=R120-2
Added Pin To Net: NetName=NetR120_2 Pin=U28-2
Added Pin To Net: NetName=NetR120_2 Pin=U29-1
Added Net: Name=NetR120_2
Added Pin To Net: NetName=NetR122_1 Pin=R122-1
Added Pin To Net: NetName=NetR122_1 Pin=U2-32
Added Net: Name=NetR122_1
Added Pin To Net: NetName=NetR123_1 Pin=R123-1
Added Pin To Net: NetName=NetR123_1 Pin=U2-33
Added Net: Name=NetR123_1
Added Pin To Net: NetName=NetR124_1 Pin=R124-1
Added Pin To Net: NetName=NetR124_1 Pin=U2-34
Added Net: Name=NetR124_1
Added Pin To Net: NetName=NetSTLINK2_3 Pin=STLINK2-3
Added Pin To Net: NetName=NetSTLINK2_3 Pin=U2-89
Added Net: Name=NetSTLINK2_3
Added Pin To Net: NetName=NetSTLINK2_4 Pin=STLINK2-4
Added Pin To Net: NetName=NetSTLINK2_4 Pin=U2-76
Added Net: Name=NetSTLINK2_4
Added Pin To Net: NetName=NetSTLINK2_5 Pin=STLINK2-5
Added Pin To Net: NetName=NetSTLINK2_5 Pin=U2-72
Added Net: Name=NetSTLINK2_5
Added Pin To Net: NetName=NetU2_19 Pin=U2-19
Added Net: Name=NetU2_19
Added Pin To Net: NetName=NetU2_27 Pin=U2-27
Added Net: Name=NetU2_27
Added Pin To Net: NetName=NetU2_55 Pin=U2-55
Added Net: Name=NetU2_55
Added Pin To Net: NetName=NetU2_65 Pin=U2-65
Added Net: Name=NetU2_65
Added Pin To Net: NetName=NetU2_66 Pin=U2-66
Added Net: Name=NetU2_66
Added Pin To Net: NetName=NetU2_67 Pin=U2-67
Added Net: Name=NetU2_67
Added Pin To Net: NetName=NetU2_70 Pin=U2-70
Added Net: Name=NetU2_70
Added Pin To Net: NetName=NetU2_71 Pin=U2-71
Added Net: Name=NetU2_71
Added Pin To Net: NetName=NetU2_73 Pin=U2-73
Added Net: Name=NetU2_73
Added Pin To Net: NetName=NetU2_77 Pin=U2-77
Added Net: Name=NetU2_77
Added Pin To Net: NetName=NetU2_80 Pin=U2-80
Added Net: Name=NetU2_80
Added Pin To Net: NetName=NetU2_83 Pin=U2-83
Added Net: Name=NetU2_83
Added Pin To Net: NetName=NetU2_97 Pin=U2-97
Added Net: Name=NetU2_97
Added Pin To Net: NetName=NetU2_98 Pin=U2-98
Added Net: Name=NetU2_98
Added Pin To Net: NetName=NetX1_2 Pin=X1-2
Added Net: Name=NetX1_2
Added Pin To Net: NetName=V_N Pin=BT1-N
Added Pin To Net: NetName=V_N Pin=C1-1
Added Pin To Net: NetName=V_N Pin=C2-1
Added Pin To Net: NetName=V_N Pin=C3-1
Added Pin To Net: NetName=V_N Pin=C4-1
Added Pin To Net: NetName=V_N Pin=C5-1
Added Pin To Net: NetName=V_N Pin=C6-1
Added Pin To Net: NetName=V_N Pin=C7-1
Added Pin To Net: NetName=V_N Pin=C8-1
Added Pin To Net: NetName=V_N Pin=C9-1
Added Pin To Net: NetName=V_N Pin=C10-1
Added Pin To Net: NetName=V_N Pin=C11-1
Added Pin To Net: NetName=V_N Pin=C12-2
Added Pin To Net: NetName=V_N Pin=C13-2
Added Pin To Net: NetName=V_N Pin=C14-1
Added Pin To Net: NetName=V_N Pin=C15-1
Added Pin To Net: NetName=V_N Pin=C16-1
Added Pin To Net: NetName=V_N Pin=C17-1
Added Pin To Net: NetName=V_N Pin=C18-1
Added Pin To Net: NetName=V_N Pin=C19-1
Added Pin To Net: NetName=V_N Pin=C20-1
Added Pin To Net: NetName=V_N Pin=C21-1
Added Pin To Net: NetName=V_N Pin=C22-1
Added Pin To Net: NetName=V_N Pin=C23-1
Added Pin To Net: NetName=V_N Pin=C24-2
Added Pin To Net: NetName=V_N Pin=C25-2
Added Pin To Net: NetName=V_N Pin=C26-2
Added Pin To Net: NetName=V_N Pin=C27-1
Added Pin To Net: NetName=V_N Pin=C28-1
Added Pin To Net: NetName=V_N Pin=C29-2
Added Pin To Net: NetName=V_N Pin=C30-1
Added Pin To Net: NetName=V_N Pin=C31-1
Added Pin To Net: NetName=V_N Pin=C32-1
Added Pin To Net: NetName=V_N Pin=C33-2
Added Pin To Net: NetName=V_N Pin=C34-2
Added Pin To Net: NetName=V_N Pin=C35-2
Added Pin To Net: NetName=V_N Pin=C36-2
Added Pin To Net: NetName=V_N Pin=D1-2
Added Pin To Net: NetName=V_N Pin=D1-3
Added Pin To Net: NetName=V_N Pin=D2-1
Added Pin To Net: NetName=V_N Pin=D3-1
Added Pin To Net: NetName=V_N Pin=D4-1
Added Pin To Net: NetName=V_N Pin=D5-1
Added Pin To Net: NetName=V_N Pin=D6-1
Added Pin To Net: NetName=V_N Pin=D7-1
Added Pin To Net: NetName=V_N Pin=D8-1
Added Pin To Net: NetName=V_N Pin=D9-1
Added Pin To Net: NetName=V_N Pin=D10-1
Added Pin To Net: NetName=V_N Pin=D11-1
Added Pin To Net: NetName=V_N Pin=D12-1
Added Pin To Net: NetName=V_N Pin=D13-1
Added Pin To Net: NetName=V_N Pin=D14-1
Added Pin To Net: NetName=V_N Pin=D15-1
Added Pin To Net: NetName=V_N Pin=D16-1
Added Pin To Net: NetName=V_N Pin=D17-1
Added Pin To Net: NetName=V_N Pin=D18-1
Added Pin To Net: NetName=V_N Pin=D19-1
Added Pin To Net: NetName=V_N Pin=D20-1
Added Pin To Net: NetName=V_N Pin=D21-1
Added Pin To Net: NetName=V_N Pin=D22-1
Added Pin To Net: NetName=V_N Pin=D23-1
Added Pin To Net: NetName=V_N Pin=D25-1
Added Pin To Net: NetName=V_N Pin=D26-1
Added Pin To Net: NetName=V_N Pin=D27-1
Added Pin To Net: NetName=V_N Pin=JP1-7
Added Pin To Net: NetName=V_N Pin=P1-11
Added Pin To Net: NetName=V_N Pin=P2-14
Added Pin To Net: NetName=V_N Pin=Q1-1
Added Pin To Net: NetName=V_N Pin=Q1-2
Added Pin To Net: NetName=V_N Pin=Q1-3
Added Pin To Net: NetName=V_N Pin=Q2-1
Added Pin To Net: NetName=V_N Pin=Q2-2
Added Pin To Net: NetName=V_N Pin=Q2-3
Added Pin To Net: NetName=V_N Pin=Q3-1
Added Pin To Net: NetName=V_N Pin=Q3-2
Added Pin To Net: NetName=V_N Pin=Q3-3
Added Pin To Net: NetName=V_N Pin=Q4-1
Added Pin To Net: NetName=V_N Pin=Q4-2
Added Pin To Net: NetName=V_N Pin=Q4-3
Added Pin To Net: NetName=V_N Pin=Q5-1
Added Pin To Net: NetName=V_N Pin=Q5-2
Added Pin To Net: NetName=V_N Pin=Q5-3
Added Pin To Net: NetName=V_N Pin=Q6-1
Added Pin To Net: NetName=V_N Pin=Q6-2
Added Pin To Net: NetName=V_N Pin=Q6-3
Added Pin To Net: NetName=V_N Pin=Q7-1
Added Pin To Net: NetName=V_N Pin=Q7-2
Added Pin To Net: NetName=V_N Pin=Q7-3
Added Pin To Net: NetName=V_N Pin=Q8-1
Added Pin To Net: NetName=V_N Pin=Q8-2
Added Pin To Net: NetName=V_N Pin=Q8-3
Added Pin To Net: NetName=V_N Pin=R30-1
Added Pin To Net: NetName=V_N Pin=R31-1
Added Pin To Net: NetName=V_N Pin=R32-1
Added Pin To Net: NetName=V_N Pin=R36-1
Added Pin To Net: NetName=V_N Pin=R37-1
Added Pin To Net: NetName=V_N Pin=R38-1
Added Pin To Net: NetName=V_N Pin=R41-1
Added Pin To Net: NetName=V_N Pin=R42-1
Added Pin To Net: NetName=V_N Pin=R46-1
Added Pin To Net: NetName=V_N Pin=R47-1
Added Pin To Net: NetName=V_N Pin=R48-1
Added Pin To Net: NetName=V_N Pin=R52-1
Added Pin To Net: NetName=V_N Pin=R53-1
Added Pin To Net: NetName=V_N Pin=R54-1
Added Pin To Net: NetName=V_N Pin=R57-1
Added Pin To Net: NetName=V_N Pin=R58-1
Added Pin To Net: NetName=V_N Pin=R61-1
Added Pin To Net: NetName=V_N Pin=R62-1
Added Pin To Net: NetName=V_N Pin=R86-1
Added Pin To Net: NetName=V_N Pin=R87-1
Added Pin To Net: NetName=V_N Pin=R88-1
Added Pin To Net: NetName=V_N Pin=R92-1
Added Pin To Net: NetName=V_N Pin=R93-1
Added Pin To Net: NetName=V_N Pin=R94-1
Added Pin To Net: NetName=V_N Pin=R98-1
Added Pin To Net: NetName=V_N Pin=R99-1
Added Pin To Net: NetName=V_N Pin=R100-1
Added Pin To Net: NetName=V_N Pin=R104-1
Added Pin To Net: NetName=V_N Pin=R105-1
Added Pin To Net: NetName=V_N Pin=R106-1
Added Pin To Net: NetName=V_N Pin=R111-1
Added Pin To Net: NetName=V_N Pin=R112-1
Added Pin To Net: NetName=V_N Pin=R119-1
Added Pin To Net: NetName=V_N Pin=S1-1A
Added Pin To Net: NetName=V_N Pin=S1-2A
Added Pin To Net: NetName=V_N Pin=S1-3A
Added Pin To Net: NetName=V_N Pin=S1-4A
Added Pin To Net: NetName=V_N Pin=S1-5A
Added Pin To Net: NetName=V_N Pin=S1-6A
Added Pin To Net: NetName=V_N Pin=S1-7A
Added Pin To Net: NetName=V_N Pin=S1-8A
Added Pin To Net: NetName=V_N Pin=S1-9A
Added Pin To Net: NetName=V_N Pin=S1-10A
Added Pin To Net: NetName=V_N Pin=STLINK2-6
Added Pin To Net: NetName=V_N Pin=SW1-1
Added Pin To Net: NetName=V_N Pin=U1-2
Added Pin To Net: NetName=V_N Pin=U2-20
Added Pin To Net: NetName=V_N Pin=U2-48
Added Pin To Net: NetName=V_N Pin=U2-49
Added Pin To Net: NetName=V_N Pin=U2-74
Added Pin To Net: NetName=V_N Pin=U2-94
Added Pin To Net: NetName=V_N Pin=U2-99
Added Pin To Net: NetName=V_N Pin=U3-2
Added Pin To Net: NetName=V_N Pin=U3-6
Added Pin To Net: NetName=V_N Pin=U4-2
Added Pin To Net: NetName=V_N Pin=U4-3
Added Pin To Net: NetName=V_N Pin=U5-2
Added Pin To Net: NetName=V_N Pin=U5-3
Added Pin To Net: NetName=V_N Pin=U6-2
Added Pin To Net: NetName=V_N Pin=U6-3
Added Pin To Net: NetName=V_N Pin=U7-2
Added Pin To Net: NetName=V_N Pin=U7-3
Added Pin To Net: NetName=V_N Pin=U8-2
Added Pin To Net: NetName=V_N Pin=U8-3
Added Pin To Net: NetName=V_N Pin=U9-2
Added Pin To Net: NetName=V_N Pin=U9-3
Added Pin To Net: NetName=V_N Pin=U10-2
Added Pin To Net: NetName=V_N Pin=U10-3
Added Pin To Net: NetName=V_N Pin=U11-2
Added Pin To Net: NetName=V_N Pin=U11-3
Added Pin To Net: NetName=V_N Pin=U12-2
Added Pin To Net: NetName=V_N Pin=U12-3
Added Pin To Net: NetName=V_N Pin=U13-2
Added Pin To Net: NetName=V_N Pin=U13-3
Added Pin To Net: NetName=V_N Pin=U14-2
Added Pin To Net: NetName=V_N Pin=U14-3
Added Pin To Net: NetName=V_N Pin=U15-2
Added Pin To Net: NetName=V_N Pin=U15-3
Added Pin To Net: NetName=V_N Pin=U16-2
Added Pin To Net: NetName=V_N Pin=U16-3
Added Pin To Net: NetName=V_N Pin=U17-2
Added Pin To Net: NetName=V_N Pin=U17-3
Added Pin To Net: NetName=V_N Pin=U18-2
Added Pin To Net: NetName=V_N Pin=U18-3
Added Pin To Net: NetName=V_N Pin=U19-2
Added Pin To Net: NetName=V_N Pin=U19-3
Added Pin To Net: NetName=V_N Pin=U20-2
Added Pin To Net: NetName=V_N Pin=U20-3
Added Pin To Net: NetName=V_N Pin=U21-2
Added Pin To Net: NetName=V_N Pin=U21-3
Added Pin To Net: NetName=V_N Pin=U22-2
Added Pin To Net: NetName=V_N Pin=U22-3
Added Pin To Net: NetName=V_N Pin=U23-2
Added Pin To Net: NetName=V_N Pin=U23-3
Added Pin To Net: NetName=V_N Pin=U24-11
Added Pin To Net: NetName=V_N Pin=U25-4
Added Pin To Net: NetName=V_N Pin=U26-11
Added Pin To Net: NetName=V_N Pin=U27-4
Added Pin To Net: NetName=V_N Pin=U28-11
Added Pin To Net: NetName=V_N Pin=U29-11
Added Pin To Net: NetName=V_N Pin=X1-4
Added Pin To Net: NetName=V_N Pin=X2-3
Added Net: Name=V_N
Added Pin To Net: NetName=V_P Pin=C33-1
Added Pin To Net: NetName=V_P Pin=P2-13
Added Pin To Net: NetName=V_P Pin=U24-4
Added Pin To Net: NetName=V_P Pin=U25-8
Added Pin To Net: NetName=V_P Pin=U26-4
Added Pin To Net: NetName=V_P Pin=U27-8
Added Pin To Net: NetName=V_P Pin=U28-4
Added Pin To Net: NetName=V_P Pin=U29-4
Added Net: Name=V_P
Added Class: Name=CAN
Added Class: Name=DAC ADC PWM IO
Added Class: Name=DAC
Added Class: Name=DIGTITAL
Added Class: Name=DSDADC
Added Class: Name=INPUT
Added Class: Name=LED
Added Class: Name=PULSE
Added Class: Name=SDADC
Added Rule: Name=Schematic Supply Nets
Added Rule: Name=Schematic Supply Nets_1
Added Rule: Name=Schematic Supply Nets_2
